match_id,timestamp_min,kills_diff,deaths_diff,assists_diff,gold_diff,cs_diff,level_diff,towers_diff,inhibs_diff,dragons_diff,heralds_diff,barons_diff,blue_win
NA1_5399908861,10,1,-1,4,1071,-11,0.2,0,0,-1,0,0,1
NA1_5399908861,20,-1,1,-3,-2634,-46,-0.6,-3,0,-3,1,0,1
NA1_5399908861,30,-1,1,-7,5136,6,0.4,1,0,-4,1,1,1
NA1_5399850057,10,-2,2,-1,-1248,-3,-0.6,0,0,1,0,0,0
NA1_5399771710,10,-1,1,5,829,7,0.0,0,0,-1,0,0,1
NA1_5399771710,20,4,-4,14,4961,41,0.6,3,0,1,1,0,1
NA1_5398147770,10,-2,2,-6,-18,47,0.4,0,0,1,0,0,1
NA1_5398147770,20,-9,9,-18,433,126,0.0,2,0,1,-1,0,1
NA1_5398118341,10,1,-1,-1,-76,-3,0.0,0,0,-1,0,0,0
NA1_5398118341,20,2,-2,-1,-1780,-23,-0.8,0,0,-2,-1,0,0
NA1_5398088734,10,-10,10,-18,-3892,-5,-0.6,0,0,0,0,0,0
NA1_5398060200,10,1,-1,-1,-555,-36,0.0,0,0,-1,0,0,0
NA1_5398023209,10,11,-11,6,4187,35,1.0,0,0,1,0,0,0
NA1_5398023209,20,14,-14,9,6270,83,0.4,4,0,3,1,0,0
NA1_5397976581,10,0,0,-2,271,21,0.0,0,0,0,0,0,1
NA1_5397976581,20,5,-5,8,4020,65,0.4,2,0,2,1,0,1
NA1_5397938399,10,-2,2,-3,159,34,-0.2,0,0,1,0,0,1
NA1_5397938399,20,0,0,0,3321,79,0.8,2,0,2,1,0,1
NA1_5393277344,10,0,0,-1,188,10,0.0,0,0,-1,0,0,1
NA1_5393277344,20,3,-3,1,2392,31,0.8,1,0,1,-1,0,1
NA1_5393277344,30,3,-3,3,355,20,0.8,-1,0,2,-1,1,1
NA1_5393277344,40,-1,1,-10,-3474,18,0.2,-3,-1,2,-1,0,1
NA1_5389135295,10,3,-3,3,143,-8,0.2,0,0,1,0,0,0
NA1_5389135295,20,0,0,-2,-2110,-87,-1.0,-1,0,-1,0,0,0
NA1_5389028075,10,-2,2,-5,374,65,0.6,0,0,0,0,0,1
NA1_5389028075,20,5,-5,-1,8281,151,1.2,5,0,0,1,0,1
NA1_5388973431,10,6,-6,5,3352,45,0.2,0,0,-1,0,0,1
NA1_5388973431,20,7,-7,8,5631,70,-0.6,2,0,0,1,0,1
NA1_5388925998,10,-2,2,-3,-962,4,-0.2,0,0,0,0,0,1
NA1_5388925998,20,3,-3,0,2516,28,0.0,1,0,-2,1,0,1
NA1_5388925998,30,6,-6,20,6335,40,0.8,1,0,-2,1,1,1
NA1_5388898850,10,-5,5,-3,-1174,17,-0.2,0,0,0,0,0,0
NA1_5388861030,10,2,-2,5,14,4,0.0,0,0,0,0,0,1
NA1_5388861030,20,2,-2,5,1912,15,0.4,1,0,-2,1,0,1
NA1_5388526543,10,-5,5,-5,-2959,-52,-0.4,0,0,-1,0,0,0
NA1_5388526543,20,-10,10,-6,-8863,-135,-1.0,-3,0,-2,-1,0,0
NA1_5388508171,10,-3,3,-3,-1993,-21,-0.4,0,0,0,0,0,0
NA1_5388508171,20,-11,11,-10,-5464,-92,-0.8,-2,0,-2,1,0,0
NA1_5388464165,10,-2,2,-3,-1037,35,0.4,0,0,0,0,0,0
NA1_5388464165,20,0,0,-2,1813,43,0.2,2,0,0,1,0,0
NA1_5388464165,30,-6,6,-27,-5416,28,-1.0,-1,0,0,1,-1,0
NA1_5388425584,10,0,0,-2,715,23,-0.2,0,0,0,0,0,0
NA1_5388425584,20,-1,1,0,2507,28,0.2,4,0,0,1,0,0
NA1_5388393234,10,7,-7,14,3643,10,0.2,0,0,0,0,0,1
NA1_5388332407,10,-4,4,-2,-2234,-31,-0.4,0,0,-1,0,0,1
NA1_5388332407,20,-5,5,-3,-331,-3,-0.2,1,0,0,-1,0,1
NA1_5388282988,10,3,-3,2,1927,39,0.4,0,0,0,0,0,1
NA1_5388282988,20,7,-7,0,6157,109,0.6,4,0,1,1,0,1
NA1_5388229843,10,-1,1,2,53,0,-0.2,0,0,0,0,0,1
NA1_5388229843,20,1,-1,1,3940,54,0.0,3,0,-2,1,0,1
NA1_5388229843,30,10,-10,11,10299,99,1.8,4,0,-1,1,1,1
NA1_5387662774,10,0,0,-1,-63,1,-0.2,0,0,-1,0,0,1
NA1_5387662774,20,1,-1,3,926,-31,-0.4,3,0,-2,1,0,1
NA1_5387592809,10,1,-1,3,509,-6,0.4,0,0,-1,0,0,0
NA1_5387592809,20,-1,1,0,-3222,-49,-1.2,-1,0,-3,-1,0,0
NA1_5387537988,10,-4,4,-4,-1404,10,0.0,0,0,1,0,0,0
NA1_5387537988,20,-13,13,-21,-5806,5,-0.8,-2,0,2,-1,0,0
NA1_5387537988,30,-21,21,-40,-5577,20,-1.4,-3,-1,0,-1,0,0
NA1_5387455386,10,-2,2,1,-1078,0,0.0,0,0,0,0,0,0
NA1_5387455386,20,-8,8,-6,-4104,-28,-0.6,-1,0,-2,-1,0,0
NA1_5387455386,30,-9,9,-4,-282,-6,-0.2,0,0,-2,-1,1,0
NA1_5387375545,10,-5,5,-3,-1697,-28,-0.4,0,0,-1,0,0,0
NA1_5387375545,20,-11,11,-10,-4676,-73,-0.6,-2,0,-3,-1,0,0
NA1_5387005440,10,-1,1,-5,-2188,-46,-0.6,0,0,-1,0,0,0
NA1_5386985397,10,-6,6,-3,-3428,-42,-0.8,0,0,1,0,0,0
NA1_5386985397,20,2,-2,10,3626,-16,0.2,1,0,2,0,0,0
NA1_5386985397,30,-5,5,-8,-2283,-60,-0.6,-3,-1,0,1,1,0
NA1_5386958433,10,5,-5,8,1579,-21,0.0,0,0,0,0,0,1
NA1_5386958433,20,12,-12,23,3782,21,0.6,1,0,1,-1,0,1
NA1_5386892787,10,4,-4,5,1799,3,0.0,0,0,0,0,0,0
NA1_5386892787,20,4,-4,4,273,-12,-0.2,-2,0,-2,1,0,0
NA1_5386892787,30,1,-1,4,-4935,-84,-1.6,-4,0,-4,1,-1,0
NA1_5386838424,10,1,-1,-1,666,-30,-0.4,0,0,0,0,0,0
NA1_5386838424,20,1,-1,-10,572,-13,-0.8,1,0,0,1,0,0
NA1_5386838424,30,-3,3,-24,185,-18,-0.6,-1,0,-2,1,1,0
NA1_5386801679,10,5,-5,1,2515,28,0.2,0,0,-1,0,0,1
NA1_5386801679,20,11,-11,8,6195,86,0.4,4,0,-2,1,0,1
NA1_5384383497,10,-4,4,-5,-2614,-28,0.2,0,0,0,0,0,0
NA1_5384383497,20,-7,7,-5,-4524,-93,-0.8,-2,0,-2,-1,0,0
NA1_5384353731,10,-4,4,-9,-1880,-1,-0.4,0,0,-1,0,0,1
NA1_5384353731,20,-1,1,-1,-1694,-43,-0.6,-2,0,-3,1,0,1
NA1_5384353731,30,8,-8,30,3175,-38,0.6,-1,0,-2,1,0,1
NA1_5384318038,10,-6,6,-12,-4017,-28,-0.4,0,0,0,0,0,0
NA1_5384318038,20,-9,9,-20,-7274,-70,-0.8,-4,0,-2,-1,0,0
NA1_5384280819,10,0,0,6,-434,-36,0.0,0,0,-1,0,0,0
NA1_5384280819,20,-4,4,3,-3897,-102,-0.8,-4,0,-3,-1,0,0
NA1_5384243198,10,0,0,-2,289,16,0.4,0,0,-1,0,0,1
NA1_5384243198,20,9,-9,16,6611,43,1.0,3,0,-1,1,0,1
NA1_5384182803,10,-1,1,-7,-1363,-30,-0.2,0,0,-1,0,0,0
NA1_5384182803,20,-9,9,-16,-3472,-74,-1.2,-2,0,-3,1,0,0
NA1_5384087144,10,-2,2,-1,-1629,-27,0.0,0,0,0,0,0,0
NA1_5384087144,20,-9,9,-4,-3816,-62,-1.0,-1,0,0,1,0,0
NA1_5384009170,10,-2,2,1,-727,-6,0.0,0,0,-1,0,0,0
NA1_5384009170,20,-9,9,-13,-4287,-50,-0.8,2,0,-2,1,0,0
NA1_5383534595,10,7,-7,4,3530,56,0.8,0,0,0,0,0,1
NA1_5383513184,10,-8,8,-8,-3679,-31,-0.2,0,0,0,0,0,0
NA1_5383513184,20,-21,21,-31,-11103,-123,-1.2,-3,0,-2,-1,0,0
NA1_5383474815,10,5,-5,7,2592,17,0.4,0,0,0,0,0,0
NA1_5383474815,20,-4,4,-13,-1365,28,-0.4,0,0,-2,1,0,0
NA1_5383474815,30,-14,14,-33,-5935,24,-1.2,-2,-2,-2,1,-1,0
NA1_5399808990,10,0,0,1,-456,-21,0.0,0,0,-1,0,0,0
NA1_5399808990,20,0,0,4,-74,-21,-0.2,-1,0,-2,-1,0,0
NA1_5399736130,10,5,-5,5,1901,11,0.2,0,0,1,0,0,1
NA1_5399736130,20,6,-6,9,4116,34,0.4,4,0,2,1,0,1
NA1_5399716921,10,6,-6,6,2821,25,0.4,0,0,1,0,0,1
NA1_5399689283,10,1,-1,5,-124,-40,-0.6,0,0,0,0,0,0
NA1_5399689283,20,0,0,-4,-1057,-51,-0.2,-2,0,0,0,0,0
NA1_5399668306,10,3,-3,7,1920,26,0.2,0,0,0,0,0,1
NA1_5399668306,20,8,-8,2,5889,29,0.4,4,0,0,1,0,1
NA1_5399647780,10,-1,1,-1,-872,-4,0.2,0,0,0,0,0,0
NA1_5399647780,20,-2,2,3,-376,16,0.2,0,0,0,-1,0,0
NA1_5399032541,10,0,0,-3,307,41,0.0,0,0,0,0,0,0
NA1_5399032541,20,-1,1,-5,-672,-13,-0.4,-1,0,-1,1,0,0
NA1_5399032541,30,10,-10,17,3012,-5,0.6,1,0,1,1,-1,0
NA1_5399013823,10,6,-6,12,4211,21,0.4,0,0,0,0,0,1
NA1_5399013823,20,21,-21,33,11829,74,1.2,3,0,-1,1,0,1
NA1_5398999892,10,-2,2,-3,-1126,-26,0.0,0,0,-1,0,0,0
NA1_5398701592,10,-2,2,-10,-297,34,0.2,0,0,0,0,0,1
NA1_5398701592,20,-1,1,-7,4958,118,1.2,4,0,-1,1,0,1
NA1_5398688093,10,10,-10,8,4487,37,1.0,0,0,0,0,0,1
NA1_5398667722,10,-4,4,-14,-3184,-5,-0.4,0,0,1,0,0,0
NA1_5398648766,10,3,-3,4,2096,52,0.4,0,0,0,0,0,1
NA1_5398618811,10,1,-1,2,1046,28,0.0,0,0,-1,0,0,1
NA1_5398618811,20,11,-11,22,8857,76,0.6,4,0,1,1,0,1
NA1_5398581045,10,-5,5,-4,-2655,-32,-0.4,0,0,-1,0,0,0
NA1_5398581045,20,-16,16,-12,-9898,-86,-0.8,-5,0,0,-1,0,0
NA1_5398536682,10,-1,1,3,-547,-25,-0.6,0,0,-1,0,0,0
NA1_5398536682,20,9,-9,21,2160,-27,0.6,-1,0,-2,-1,0,0
NA1_5397986518,10,-3,3,-7,-1897,-8,0.2,0,0,1,0,0,1
NA1_5397986518,20,5,-5,15,56,-12,0.2,-2,0,0,0,0,1
NA1_5397986518,30,16,-16,32,2532,3,1.2,-2,0,2,1,0,1
NA1_5397952676,10,-4,4,-4,-3302,-63,-0.2,0,0,-1,0,0,0
NA1_5397952676,20,-2,2,0,-4648,-128,-0.6,-2,0,-1,1,0,0
NA1_5397952676,30,-4,4,-1,-5308,-158,-0.4,-2,0,-1,1,0,0
NA1_5397925423,10,2,-2,3,644,-8,0.2,0,0,-1,0,0,1
NA1_5397925423,20,4,-4,4,1249,-62,0.6,2,0,-2,-1,0,1
NA1_5397925423,30,4,-4,9,1307,-43,0.4,1,0,-2,-1,1,1
NA1_5397901474,10,-4,4,-5,-1047,-7,-0.2,0,0,-1,0,0,1
NA1_5397901474,20,-6,6,-9,-2087,11,0.2,-1,0,-1,-1,0,1
NA1_5397876340,10,5,-5,0,2300,39,0.6,0,0,0,0,0,1
NA1_5397876340,20,12,-12,8,6548,123,1.6,1,0,2,1,0,1
NA1_5397857255,10,-2,2,-3,-745,9,0.2,0,0,0,0,0,1
NA1_5397857255,20,3,-3,1,2297,26,0.4,1,0,0,1,0,1
NA1_5397843908,10,-2,2,-3,274,51,0.4,0,0,0,0,0,0
NA1_5397827070,10,-1,1,-6,158,31,0.4,0,0,-1,0,0,0
NA1_5397809036,10,-4,4,-6,-1035,35,0.0,0,0,1,0,0,0
NA1_5397809036,20,-11,11,-16,-5298,-14,-0.8,-2,0,-1,-1,0,0
NA1_5397787002,10,-2,2,-4,-1551,8,0.0,0,0,0,0,0,1
NA1_5397787002,20,-11,11,-10,-3773,-1,0.0,0,0,-2,1,0,1
NA1_5397787002,30,-9,9,-15,2938,59,0.6,3,1,-1,1,0,1
NA1_5397770787,10,-2,2,0,-1241,-16,0.0,0,0,-1,0,0,1
NA1_5397770787,20,4,-4,9,4825,-11,0.4,2,0,-1,-1,0,1
NA1_5397751904,10,-2,2,-1,-1035,13,-0.2,0,0,1,0,0,1
NA1_5397751904,20,4,-4,11,1646,-9,0.0,1,0,-1,-1,0,1
NA1_5397751904,30,17,-17,37,5254,-18,1.4,2,0,1,-1,0,1
NA1_5397751904,40,18,-18,38,4142,-64,0.0,5,1,0,-1,0,1
NA1_5397505901,10,-1,1,0,-604,-20,0.0,0,0,-1,0,0,1
NA1_5397505901,20,2,-2,6,2058,-8,0.4,1,0,-1,1,0,1
NA1_5397505901,30,0,0,3,1715,-59,0.0,3,1,-3,1,1,1
NA1_5397471108,10,-4,4,-1,-1084,-2,-0.6,0,0,0,0,0,0
NA1_5397471108,20,0,0,7,556,4,0.0,0,0,0,-1,0,0
NA1_5397471108,30,4,-4,17,1978,49,-0.4,2,0,0,-1,-1,0
NA1_5397426510,10,3,-3,1,1133,10,0.2,0,0,1,0,0,1
NA1_5397426510,20,-4,4,-10,-2410,-8,-0.4,-1,0,1,-1,0,1
NA1_5397426510,30,1,-1,-3,5185,66,-0.2,3,0,1,-1,-1,1
NA1_5397398053,10,2,-2,3,1120,-3,0.0,0,0,0,0,0,0
NA1_5397398053,20,-5,5,-2,-4791,-35,-1.0,-2,0,1,0,0,0
NA1_5397361922,10,1,-1,4,1662,16,0.2,0,0,0,0,0,1
NA1_5397361922,20,1,-1,2,2084,68,0.0,1,0,-1,-1,0,1
NA1_5397332856,10,-2,2,-4,-1446,-5,-0.4,0,0,0,0,0,0
NA1_5397297093,10,-1,1,5,-21,0,-0.4,0,0,-1,0,0,1
NA1_5397297093,20,-1,1,-3,1628,40,0.0,3,0,0,1,0,1
NA1_5397270503,10,7,-7,4,2832,13,0.6,0,0,0,0,0,1
NA1_5397270503,20,9,-9,3,2701,21,0.2,3,0,-2,1,0,1
NA1_5397228061,10,3,-3,6,1654,42,0.4,0,0,1,0,0,1
NA1_5397209599,10,-2,2,1,-1649,-54,-0.8,0,0,0,0,0,0
NA1_5394610325,10,1,-1,4,1623,34,0.0,0,0,1,0,0,1
NA1_5394610325,20,8,-8,13,6708,40,0.4,4,0,3,1,0,1
NA1_5394581992,10,1,-1,0,627,-9,-0.2,0,0,0,0,0,1
NA1_5394581992,20,12,-12,24,6265,1,0.4,2,0,0,0,0,1
NA1_5394549700,10,4,-4,8,2878,26,0.2,0,0,0,0,0,1
NA1_5394549700,20,6,-6,16,3702,6,0.4,2,0,2,0,0,1
NA1_5394520047,10,-5,5,-4,-2085,-14,-0.4,0,0,0,0,0,0
NA1_5394520047,20,-6,6,-5,-4178,-94,-0.8,-2,0,-2,1,0,0
NA1_5394520047,30,-13,13,-17,-5620,-149,-1.8,1,0,-4,1,-1,0
NA1_5394492793,10,2,-2,1,1142,21,0.2,0,0,-1,0,0,0
NA1_5394492793,20,-5,5,-18,-1441,-6,-0.6,1,0,-1,1,0,0
NA1_5394477777,10,-5,5,-7,-3659,-57,-0.6,0,0,0,0,0,0
NA1_5394448990,10,-4,4,-4,-1794,-18,-0.2,0,0,0,0,0,0
NA1_5394448990,20,1,-1,3,-75,-28,0.6,0,0,0,1,0,0
NA1_5394448990,30,-1,1,12,-1307,-62,0.6,1,0,0,1,1,0
NA1_5394110247,10,-1,1,2,-3003,-84,-0.8,0,0,1,0,0,0
NA1_5394110247,20,-11,11,-17,-13235,-188,-1.8,-5,0,-1,-1,0,0
NA1_5394084225,10,-3,3,-6,-466,22,0.4,0,0,0,0,0,0
NA1_5394084225,20,-9,9,-9,-340,28,-0.4,2,0,-2,-1,0,0
NA1_5399606679,10,0,0,3,266,33,-0.2,0,0,1,0,0,1
NA1_5399606679,20,7,-7,9,4663,68,0.2,2,0,1,1,0,1
NA1_5399535464,10,4,-4,9,1077,-24,0.2,0,0,-1,0,0,0
NA1_5399535464,20,-2,2,-4,-3961,-53,-0.8,-2,0,-2,-1,0,0
NA1_5398129095,10,-6,6,-3,-1643,17,0.2,0,0,-1,0,0,1
NA1_5398129095,20,-8,8,2,-882,39,0.2,1,0,-2,1,0,1
NA1_5398129095,30,-11,11,-4,-2315,-3,0.4,2,0,0,1,1,1
NA1_5398106713,10,0,0,-1,418,29,-0.2,0,0,1,0,0,1
NA1_5398106713,20,2,-2,0,4185,118,0.6,2,0,1,1,0,1
NA1_5398106713,30,11,-11,19,10461,145,1.6,4,0,0,1,1,1
NA1_5398088737,10,2,-2,2,1422,3,0.0,0,0,0,0,0,1
NA1_5398088737,20,2,-2,4,2186,6,0.4,1,0,1,1,0,1
NA1_5398056527,10,1,-1,-5,1352,51,0.4,0,0,0,0,0,1
NA1_5398056527,20,0,0,-5,4318,67,0.2,5,0,-2,1,0,1
NA1_5398030751,10,-4,4,-7,-2626,-51,-0.4,0,0,-1,0,0,0
NA1_5398030751,20,-10,10,-19,-5078,-128,-0.6,-1,0,-3,1,0,0
NA1_5398006000,10,-1,1,2,465,31,0.2,0,0,1,0,0,0
NA1_5398006000,20,1,-1,18,-736,46,0.0,0,0,1,1,0,0
NA1_5393866364,10,-5,5,1,-1614,6,0.4,0,0,-1,0,0,1
NA1_5393866364,20,8,-8,19,5292,2,0.6,2,0,0,1,0,1
NA1_5392812672,10,6,-6,4,1730,12,0.4,0,0,1,0,0,1
NA1_5392812672,20,4,-4,3,-741,-14,-0.2,1,0,3,1,0,1
NA1_5392772219,10,-4,4,-5,-1570,-3,0.0,0,0,0,0,0,1
NA1_5392772219,20,-9,9,-16,-2002,-16,-0.4,0,0,-2,1,0,1
NA1_5392772219,30,-20,20,-44,-7061,-8,-1.6,-4,-1,-3,1,-1,1
NA1_5392737701,10,-4,4,0,-2858,-23,-0.8,0,0,-1,0,0,0
NA1_5392737701,20,-11,11,-9,-7202,-73,-0.8,-4,0,-2,-1,0,0
NA1_5392710003,10,1,-1,-2,732,9,0.0,0,0,-1,0,0,1
NA1_5392710003,20,7,-7,9,2103,-7,0.4,0,0,0,1,0,1
NA1_5392686396,10,-7,7,-11,-2618,-4,0.0,0,0,-1,0,0,0
NA1_5392666262,10,5,-5,4,1781,38,0.0,0,0,0,0,0,1
NA1_5392152962,10,-5,5,-2,-1828,10,-0.4,0,0,1,0,0,0
NA1_5392152962,20,-15,15,-12,-7202,-68,-1.4,-3,0,0,-1,0,0
NA1_5392118654,10,-3,3,-6,796,45,-0.2,0,0,0,0,0,0
NA1_5392118654,20,-2,2,-7,4320,54,0.4,4,0,0,1,0,0
NA1_5392118654,30,-5,5,-23,-1797,14,-1.4,-2,0,0,1,-1,0
NA1_5392099022,10,2,-2,2,2078,38,0.8,0,0,-1,0,0,1
NA1_5392099022,20,11,-11,7,9710,129,1.0,3,0,0,1,0,1
NA1_5392066518,10,0,0,-6,263,28,0.2,0,0,-1,0,0,0
NA1_5392066518,20,-5,5,-12,-259,25,-0.4,0,0,-3,1,0,0
NA1_5392066518,30,-14,14,-31,-3035,3,-1.0,-2,0,-3,1,0,0
NA1_5392030665,10,0,0,0,-119,-13,0.0,0,0,0,0,0,0
NA1_5392030665,20,-2,2,3,468,-41,-0.8,1,0,0,1,0,0
NA1_5391991345,10,1,-1,-1,56,6,0.0,0,0,-1,0,0,0
NA1_5391991345,20,-3,3,-10,-279,52,0.0,0,0,-2,0,0,0
NA1_5391956797,10,3,-3,2,1968,23,0.6,0,0,-1,0,0,1
NA1_5391956797,20,7,-7,-3,4908,34,0.4,6,0,1,1,0,1
NA1_5391919777,10,-2,2,-1,-1294,-25,0.0,0,0,0,0,0,1
NA1_5391919777,20,5,-5,8,300,-96,0.6,-2,0,-2,1,0,1
NA1_5391919777,30,13,-13,36,7078,-70,1.6,1,0,-1,1,0,1
NA1_5390564619,10,-3,3,-1,-1470,-7,-0.6,0,0,-1,0,0,0
NA1_5390564619,20,-6,6,-8,-4292,-59,-0.2,-3,0,-2,1,0,0
NA1_5390530364,10,5,-5,6,2200,14,0.0,0,0,-1,0,0,1
NA1_5390530364,20,13,-13,21,5920,-1,0.4,3,0,0,-1,0,1
NA1_5390530364,30,26,-26,39,6123,4,1.4,1,0,1,-1,0,1
NA1_5390502927,10,-9,9,-8,-4848,-32,-0.6,0,0,-1,0,0,0
NA1_5390502927,20,-11,11,-5,-6534,-70,-0.2,-7,-1,-2,-1,0,0
NA1_5390467176,10,0,0,3,223,2,0.0,0,0,1,0,0,1
NA1_5390467176,20,6,-6,10,4575,51,0.2,3,0,3,1,0,1
NA1_5390421697,10,-2,2,-1,-90,37,0.2,0,0,1,0,0,1
NA1_5390421697,20,-5,5,-1,645,32,0.0,-1,0,-1,1,0,1
NA1_5390421697,30,4,-4,18,7613,40,1.8,1,1,0,1,1,1
NA1_5390383884,10,1,-1,-1,975,-8,0.6,0,0,-1,0,0,1
NA1_5390383884,20,2,-2,1,2719,-18,0.4,0,0,-3,1,0,1
NA1_5390353070,10,0,0,-1,-410,-4,0.0,0,0,-1,0,0,1
NA1_5390353070,20,8,-8,2,6970,39,1.2,3,0,-2,1,0,1
NA1_5389814093,10,-1,1,-1,668,17,-0.2,0,0,-1,0,0,0
NA1_5389814093,20,-3,3,-9,1183,34,-0.2,2,0,-1,1,0,0
NA1_5389814093,30,0,0,-10,2658,10,0.0,2,2,-2,1,1,0
NA1_5389785135,10,-5,5,-4,-1500,0,0.0,0,0,-1,0,0,0
NA1_5388413503,10,4,-4,5,2090,11,0.4,0,0,0,0,0,1
NA1_5388413503,20,11,-11,9,8588,44,0.4,5,0,0,1,0,1
NA1_5388378662,10,-2,2,1,-304,12,-0.4,0,0,-1,0,0,1
NA1_5388378662,20,-5,5,-8,-523,6,-0.6,2,0,-1,0,0,1
NA1_5388357331,10,-3,3,-8,-1028,-14,-0.2,0,0,-1,0,0,1
NA1_5388321873,10,1,-1,-2,751,-3,0.4,0,0,-1,0,0,0
NA1_5388321873,20,5,-5,6,2997,-5,0.8,2,0,-2,-1,0,0
NA1_5388282468,10,2,-2,7,457,-28,-0.4,0,0,0,0,0,1
NA1_5388282468,20,7,-7,16,4056,-21,0.6,2,0,0,1,0,1
NA1_5386086202,10,-1,1,-3,-101,1,0.2,0,0,-1,0,0,1
NA1_5386086202,20,-12,12,-19,-5809,1,-0.2,-1,0,-1,-1,0,1
NA1_5386086202,30,-17,17,-20,-6890,-6,-0.8,-3,0,-3,-1,0,1
NA1_5386065561,10,14,-14,13,6210,34,1.0,0,0,0,0,0,1
NA1_5386035393,10,2,-2,0,103,-15,0.0,0,0,-1,0,0,0
NA1_5386035393,20,-3,3,-4,-4535,-71,-0.4,-3,0,-3,-1,0,0
NA1_5386001812,10,-2,2,1,-169,-8,0.0,0,0,0,0,0,1
NA1_5386001812,20,4,-4,23,3509,15,0.8,0,0,-2,1,0,1
NA1_5386001812,30,9,-9,22,8422,128,1.0,9,2,-2,1,-1,1
NA1_5385969111,10,1,-1,-1,171,-20,-0.2,0,0,1,0,0,1
NA1_5385969111,20,9,-9,14,5731,0,1.2,1,0,1,-1,0,1
NA1_5385936662,10,-3,3,-3,-1023,25,-0.2,0,0,0,0,0,0
NA1_5385936662,20,-5,5,-12,-4406,-32,-0.8,-3,0,-2,-1,0,0
NA1_5385914151,10,-1,1,-1,406,20,0.2,0,0,1,0,0,1
NA1_5385875855,10,1,-1,2,534,14,-0.2,0,0,-1,0,0,0
NA1_5385875855,20,9,-9,17,75,-18,-0.2,-3,0,-1,-1,0,0
NA1_5385843460,10,4,-4,8,1634,15,0.0,0,0,0,0,0,1
NA1_5385798626,10,1,-1,-1,1305,13,0.4,0,0,0,0,0,1
NA1_5385798626,20,4,-4,0,4894,58,0.8,1,0,-2,1,0,1
NA1_5385798626,30,4,-4,-3,4338,56,0.4,7,2,0,1,-1,1
NA1_5385137222,10,0,0,-2,-229,-8,0.0,0,0,0,0,0,0
NA1_5385137222,20,-4,4,-13,-3927,-73,-0.4,-2,0,0,0,0,0
NA1_5385101556,10,6,-6,13,2432,-12,-0.2,0,0,1,0,0,0
NA1_5385101556,20,-1,1,1,-2569,-15,-0.8,-1,0,1,-1,0,0
NA1_5394788922,10,6,-6,5,3591,30,0.6,0,0,0,0,0,1
NA1_5394788922,20,6,-6,4,5281,43,0.8,2,0,2,1,0,1
NA1_5395478048,10,-1,1,2,-1096,-64,-0.6,0,0,-1,0,0,0
NA1_5395478048,20,-1,1,-2,-4457,-87,-0.2,-4,0,-2,-1,0,0
NA1_5395458674,10,-9,9,-6,-3225,-2,-0.8,0,0,0,0,0,0
NA1_5394042611,10,-5,5,-3,-3258,-41,-0.2,0,0,0,0,0,0
NA1_5394042611,20,-13,13,-8,-6349,-66,-0.8,0,0,-2,-1,0,0
NA1_5394042611,30,-19,19,-7,-12474,-108,-1.0,-5,-2,-4,-1,-1,0
NA1_5393991974,10,2,-2,-1,1065,46,0.2,0,0,0,0,0,0
NA1_5393991974,20,-6,6,-16,-3013,27,-0.4,0,0,-1,-1,0,0
NA1_5393991974,30,-10,10,-15,-901,2,-0.4,-5,-1,-3,-1,1,0
NA1_5393919562,10,2,-2,-2,1188,44,0.0,0,0,0,0,0,0
NA1_5393919562,20,1,-1,-9,387,46,0.0,-1,0,-2,-1,0,0
NA1_5393895912,10,4,-4,4,1587,17,0.6,0,0,0,0,0,0
NA1_5393895912,20,1,-1,6,446,-12,-0.4,0,0,-2,-1,0,0
NA1_5393895912,30,-6,6,-2,-4952,-15,-1.4,-1,0,-4,-1,-1,0
NA1_5393868532,10,4,-4,9,847,-36,0.4,0,0,0,0,0,1
NA1_5393868532,20,8,-8,20,3379,-3,1.0,0,0,2,1,0,1
NA1_5393849840,10,-2,2,-1,-257,13,0.0,0,0,0,0,0,0
NA1_5393849840,20,-6,6,-15,3413,22,0.0,6,0,-2,1,0,0
NA1_5393849840,30,-17,17,-31,-3452,44,-1.6,4,0,-2,1,-1,0
NA1_5391208866,10,-5,5,-6,-2041,-19,0.0,0,0,0,0,0,0
NA1_5391208866,20,-8,8,-19,-3833,-23,-0.4,-2,0,0,0,0,0
NA1_5391177334,10,-8,8,-10,-3169,-4,0.2,0,0,0,0,0,0
NA1_5391177334,20,-15,15,-29,-4264,-52,-0.6,-1,0,-2,-1,0,0
NA1_5391140720,10,4,-4,8,2283,24,0.2,0,0,1,0,0,1
NA1_5391140720,20,14,-14,4,10621,135,1.4,6,0,0,1,0,1
NA1_5391111412,10,0,0,-3,-865,-19,-0.2,0,0,-1,0,0,0
NA1_5391111412,20,-1,1,-8,-1991,-43,-0.4,-1,0,-1,1,0,0
NA1_5391022092,10,2,-2,-1,1313,27,0.0,0,0,1,0,0,1
NA1_5391022092,20,4,-4,5,5923,62,0.0,3,0,3,1,0,1
NA1_5391022092,30,8,-8,2,8954,124,1.0,2,0,3,1,1,1
NA1_5385587469,10,-2,2,-3,-887,13,-0.4,0,0,-1,0,0,0
NA1_5385587469,20,-10,10,-18,-6770,-11,-0.4,-2,0,0,-1,0,0
NA1_5385563083,10,-1,1,0,-1211,-30,-0.2,0,0,0,0,0,0
NA1_5385563083,20,-3,3,8,-6334,-53,-0.6,-5,0,0,-1,0,0
NA1_5385538760,10,0,0,-2,310,-8,-0.2,0,0,0,0,0,0
NA1_5385538760,20,-4,4,-7,-1044,-14,-0.2,0,0,0,1,0,0
NA1_5385521195,10,4,-4,2,3871,62,0.4,0,0,0,0,0,1
NA1_5383973259,10,-8,8,-15,-4940,-27,-0.6,0,0,0,0,0,0
NA1_5383938760,10,1,-1,4,-588,-34,-0.6,0,0,1,0,0,0
NA1_5383938760,20,-5,5,-3,-4909,-52,-0.4,-2,0,2,-1,0,0
NA1_5383907366,10,-5,5,-7,-2379,-11,-0.4,0,0,-1,0,0,0
NA1_5383907366,20,-11,11,-14,-2082,-46,-0.6,0,0,-3,1,0,0
NA1_5383871201,10,5,-5,3,2963,49,0.4,0,0,0,0,0,0
NA1_5383871201,20,6,-6,8,1761,56,0.2,2,0,2,1,0,0
NA1_5383871201,30,-4,4,1,-5392,-8,-0.8,-1,0,2,1,-1,0
NA1_5383847797,10,3,-3,5,2510,51,0.4,0,0,-1,0,0,1
NA1_5383847797,20,10,-10,24,8337,60,0.8,5,0,1,-1,0,1
NA1_5383819273,10,6,-6,10,4001,60,1.0,0,0,1,0,0,1
NA1_5383819273,20,4,-4,4,2883,63,0.2,1,0,3,1,0,1
NA1_5383796879,10,4,-4,4,1459,-12,0.0,0,0,1,0,0,1
NA1_5383796879,20,6,-6,8,-644,-63,-0.4,-3,0,2,-1,0,1
NA1_5383767906,10,-2,2,-2,-1332,-21,-0.2,0,0,-1,0,0,0
NA1_5383767906,20,0,0,5,-1894,-63,-0.2,-1,0,-3,1,0,0
NA1_5383767906,30,-2,2,12,-5612,-91,-0.6,-4,0,-4,1,0,0
NA1_5383743802,10,-1,1,6,609,7,-0.4,0,0,1,0,0,1
NA1_5383743802,20,3,-3,26,2784,24,0.2,0,0,1,1,0,1
NA1_5383743802,30,11,-11,44,7720,76,1.8,3,0,2,1,1,1
NA1_5383718550,10,-4,4,-6,-2207,-12,-0.2,0,0,0,0,0,0
NA1_5383718550,20,-2,2,-6,-450,20,0.6,-1,0,0,1,0,0
NA1_5383701872,10,-2,2,-1,-353,3,-0.6,0,0,-1,0,0,0
NA1_5383701872,20,-5,5,0,-3214,-21,-0.4,-3,0,-3,-1,0,0
NA1_5382690759,10,-5,5,-5,-1699,30,0.4,0,0,1,0,0,1
NA1_5382690759,20,-8,8,-7,-3410,0,-0.2,1,0,2,0,0,1
NA1_5382690759,30,-10,10,-11,-1329,3,0.2,1,0,0,1,-1,1
NA1_5377713835,10,2,-2,6,585,-10,0.2,0,0,0,0,0,1
NA1_5377713835,20,11,-11,11,3124,-31,0.6,-1,0,-2,1,0,1
NA1_5377713835,30,18,-18,11,6872,23,1.0,2,0,0,1,1,1
NA1_5377713835,40,17,-17,-3,6483,71,0.2,4,0,0,1,2,1
NA1_5377678906,10,-3,3,-5,-1150,2,0.0,0,0,0,0,0,0
NA1_5377553582,10,4,-4,6,892,-28,0.0,0,0,-1,0,0,1
NA1_5377487329,10,2,-2,0,348,-19,0.4,0,0,-1,0,0,0
NA1_5377487329,20,13,-13,16,8142,-18,0.6,4,0,-2,1,0,0
NA1_5377440451,10,-5,5,0,-1234,5,-0.2,0,0,1,0,0,0
NA1_5377440451,20,-7,7,0,-5492,-26,-0.6,-5,0,0,1,0,0
NA1_5377407464,10,3,-3,-2,2385,38,0.6,1,0,0,0,0,1
NA1_5377351508,10,-1,1,-5,-784,-9,-0.2,0,0,0,0,0,0
NA1_5377351508,20,1,-1,2,912,-13,0.2,0,0,-2,1,0,0
NA1_5377351508,30,1,-1,13,2404,13,-0.8,-1,0,-2,1,0,0
NA1_5374192588,10,0,0,-2,1522,69,0.4,0,0,-1,0,0,1
NA1_5374176470,10,0,0,-2,376,0,0.4,0,0,0,0,0,1
NA1_5374163157,10,1,-1,-5,899,9,0.2,0,0,0,0,0,1
NA1_5374163157,20,2,-2,-4,91,38,0.4,-1,0,0,-1,0,1
NA1_5374163157,30,5,-5,-2,-609,13,0.6,-1,0,0,-1,0,1
NA1_5374146052,10,-5,5,-1,-2842,-59,-0.4,0,0,-1,0,0,0
NA1_5374146052,20,-8,8,7,-2956,-28,-0.6,0,0,-1,0,0,0
NA1_5374117831,10,-4,4,-9,-3695,-48,-1.0,0,0,0,0,0,1
NA1_5374117831,20,-7,7,-13,-9432,-69,-0.6,-5,0,-1,-1,0,1
NA1_5374117831,30,-1,1,-3,-8351,-93,0.4,-5,-1,1,-1,0,1
NA1_5374082464,10,3,-3,2,1348,-13,0.6,0,0,-1,0,0,1
NA1_5374082464,20,3,-3,5,2772,26,0.0,3,0,1,0,0,1
NA1_5374082464,30,4,-4,6,4542,69,-0.4,3,0,1,-1,-1,1
NA1_5374082464,40,-1,1,-1,498,107,-0.4,-1,3,2,-1,-2,1
NA1_5374053375,10,2,-2,-3,552,20,-0.4,0,0,1,0,0,0
NA1_5374053375,20,-3,3,-16,-708,16,0.0,-1,0,1,-1,0,0
NA1_5374053375,30,-8,8,-33,-131,60,-0.6,2,0,1,-1,0,0
NA1_5374024978,10,3,-3,2,1008,8,0.0,0,0,0,0,0,1
NA1_5374024978,20,2,-2,-3,-1781,-19,-0.6,0,0,-1,0,0,1
NA1_5374024978,30,6,-6,-2,266,-2,0.4,1,0,1,1,1,1
NA1_5373991047,10,2,-2,2,-320,-45,0.0,0,0,-1,0,0,0
NA1_5373991047,20,-4,4,-2,-2604,-94,-0.4,-1,0,-3,1,0,0
NA1_5373991047,30,-14,14,-24,-4842,6,-1.6,-3,-1,-3,1,-1,0
NA1_5373963965,10,6,-6,11,2453,3,0.4,0,0,0,0,0,1
NA1_5373963965,20,14,-14,25,4216,28,0.8,-1,0,0,0,0,1
NA1_5370869254,10,1,-1,2,1352,30,0.4,0,0,-1,0,0,1
NA1_5370869254,20,1,-1,7,1818,42,-0.2,0,0,0,-1,0,1
NA1_5370493611,10,2,-2,1,1027,-4,0.6,0,0,-1,0,0,1
NA1_5370493611,20,16,-16,17,8465,64,1.0,4,1,0,1,0,1
NA1_5400082870,10,3,-3,6,1915,-7,0.2,0,0,0,0,0,1
NA1_5400091537,10,7,-7,7,3314,23,0.0,0,0,1,0,0,1
NA1_5400091537,20,8,-8,0,2938,58,0.2,1,0,1,-1,0,1
NA1_5400091537,30,15,-15,8,6486,48,1.4,0,0,3,-1,1,1
NA1_5400090002,10,3,-3,7,1869,-11,0.2,0,0,-1,0,0,1
NA1_5400090002,20,18,-18,43,7476,-42,0.8,3,0,0,1,0,1
NA1_5400082129,10,7,-7,7,2846,-7,0.2,0,0,0,0,0,0
NA1_5400082129,20,1,-1,-3,-250,34,-0.2,0,0,2,-1,0,0
NA1_5400082129,30,10,-10,19,4655,4,0.6,3,0,2,-1,-1,0
NA1_5399909586,10,1,-1,0,1419,25,0.6,0,0,0,0,0,1
NA1_5399909586,20,14,-14,17,11904,96,1.8,5,0,0,1,0,1
NA1_5399570860,10,2,-2,4,1497,8,0.2,0,0,0,0,0,0
NA1_5399570860,20,7,-7,13,3252,8,0.2,2,0,-2,1,0,0
NA1_5399494529,10,2,-2,1,1337,8,0.2,0,0,-1,0,0,0
NA1_5399494529,20,-2,2,-7,-1420,17,-0.4,0,0,-2,-1,0,0
NA1_5399482113,10,-2,2,-2,-773,-4,-0.4,0,0,-1,0,0,0
NA1_5399482113,20,-8,8,-13,-4112,-28,-0.6,-1,0,-2,1,0,0
NA1_5399470113,10,-1,1,-4,556,32,0.0,0,0,-1,0,0,0
NA1_5399470113,20,-4,4,-8,2268,43,0.0,3,0,-2,1,0,0
NA1_5399470113,30,-9,9,-29,2472,55,-0.4,5,0,-2,1,0,0
NA1_5399456733,10,-2,2,0,-1195,-25,0.2,0,0,-1,0,0,1
NA1_5399456733,20,5,-5,14,3419,-16,0.8,2,0,-1,1,0,1
NA1_5399405268,10,2,-2,-2,769,6,0.0,0,0,1,0,0,1
NA1_5399405268,20,6,-6,7,6464,32,0.4,4,0,0,1,0,1
NA1_5399075776,10,2,-2,2,479,-32,-0.2,0,0,0,0,0,1
NA1_5399075776,20,10,-10,14,8009,6,1.0,4,0,0,1,0,1
NA1_5399075776,30,12,-12,4,7801,-17,0.6,6,1,2,1,1,1
NA1_5399054247,10,-3,3,5,-380,-16,0.0,0,0,1,0,0,1
NA1_5399054247,20,5,-5,8,4844,27,0.6,4,0,2,0,0,1
NA1_5399022848,10,-6,6,-5,-2675,-16,-0.2,0,0,0,0,0,0
NA1_5399022848,20,-6,6,-7,-3599,-18,-0.2,-3,0,-2,1,0,0
NA1_5398905617,10,0,0,-3,67,4,-0.2,0,0,-1,0,0,0
NA1_5398905617,20,-8,8,-30,-3607,-22,-0.8,0,0,-2,-1,0,0
NA1_5398905617,30,-15,15,-57,-7642,-66,-2.2,-2,-1,-2,-1,-1,0
NA1_5398885251,10,6,-6,8,2813,12,0.4,0,0,0,0,0,1
NA1_5398885251,20,14,-14,24,6820,29,1.2,3,0,2,1,0,1
NA1_5398873899,10,0,0,-2,652,25,0.0,0,0,1,0,0,0
NA1_5398873899,20,3,-3,1,3155,11,0.2,2,0,0,1,0,0
NA1_5398873899,30,-5,5,-19,713,-2,-0.8,1,0,2,1,0,0
NA1_5398864415,10,3,-3,4,1587,23,0.2,0,0,1,0,0,1
NA1_5398849702,10,1,-1,-4,1547,47,0.2,0,0,-1,0,0,0
NA1_5398849702,20,-8,8,-11,-1451,42,-0.2,1,0,-3,-1,0,0
NA1_5398827497,10,3,-3,4,2447,70,0.4,0,0,1,0,0,1
NA1_5398827497,20,6,-6,8,7657,173,1.0,3,0,2,1,0,1
NA1_5398767733,10,2,-2,1,1047,7,0.6,0,0,1,0,0,0
NA1_5398767733,20,4,-4,2,-800,-14,-0.2,1,0,1,1,0,0
NA1_5398393922,10,0,0,-7,-892,-33,-0.2,0,0,0,0,0,1
NA1_5398393922,20,-2,2,-3,103,-28,-0.6,0,0,0,-1,0,1
NA1_5398393922,30,8,-8,17,6154,8,1.6,0,1,2,-1,1,1
NA1_5398259437,10,6,-6,5,2128,30,0.4,0,0,0,0,0,1
NA1_5398248117,10,-3,3,-2,-702,16,-0.2,0,0,0,0,0,0
NA1_5398248117,20,-14,14,-21,-6919,-30,-1.4,-3,0,-2,-1,0,0
NA1_5397965386,10,1,-1,5,366,-18,-0.2,0,0,-1,0,0,0
NA1_5397930122,10,1,-1,-2,319,-2,0.2,0,0,-1,0,0,0
NA1_5397930122,20,-10,10,-17,-4175,-15,-0.6,-1,0,-2,-1,0,0
NA1_5397902262,10,1,-1,3,-202,-31,0.0,0,0,0,0,0,1
NA1_5397902262,20,12,-12,6,4447,-8,1.2,2,0,0,1,0,1
NA1_5397902262,30,21,-21,14,5457,-67,1.8,2,1,2,1,1,1
NA1_5397881075,10,-1,1,-7,-1193,-23,0.0,0,0,0,0,0,0
NA1_5397881075,20,-4,4,-16,-3399,-44,-0.8,-1,0,-2,1,0,0
NA1_5397852403,10,0,0,3,370,22,0.4,0,0,0,0,0,1
NA1_5397852403,20,0,0,10,851,-3,0.2,2,0,2,-1,0,1
NA1_5397836803,10,7,-7,10,2773,-7,0.0,0,0,0,0,0,0
NA1_5397836803,20,6,-6,11,-350,-53,-0.4,-1,0,-1,-1,0,0
NA1_5397823074,10,3,-3,2,2784,51,0.4,0,0,1,0,0,1
NA1_5397805006,10,-6,6,-10,-2637,12,-0.2,0,0,-1,0,0,0
NA1_5397805006,20,-13,13,-18,-8029,-67,-1.0,-2,0,-3,-1,0,0
NA1_5397805006,30,-11,11,-6,-8826,-96,-0.6,-7,-2,-4,-1,-1,0
NA1_5397783261,10,-2,2,-1,-810,1,0.2,0,0,-1,0,0,0
NA1_5397783261,20,-4,4,4,-2124,-16,0.0,-1,0,-3,-1,0,0
NA1_5397767624,10,3,-3,3,1405,-9,0.4,0,0,0,0,0,1
NA1_5397767624,20,6,-6,12,3410,-36,0.6,2,0,0,-1,0,1
NA1_5397744629,10,-3,3,-1,-1823,-24,-0.4,0,0,-1,0,0,0
NA1_5397744629,20,-2,2,-5,-2849,-93,-0.4,-1,0,-3,-1,0,0
NA1_5397727486,10,5,-5,7,2952,33,0.2,0,0,0,0,0,0
NA1_5397727486,20,3,-3,4,2657,29,-0.4,2,0,0,1,0,0
NA1_5397727486,30,-7,7,-12,-6228,-12,-0.8,-2,-1,0,1,-1,0
NA1_5397713938,10,-5,5,2,-2630,-56,-0.6,0,0,-1,0,0,0
NA1_5397713938,20,-1,1,7,-3832,-120,-1.0,-3,0,-1,1,0,0
NA1_5397713938,30,5,-5,13,-1345,-142,0.4,-5,-2,1,1,1,0
NA1_5397697457,10,-1,1,1,66,7,0.2,0,0,0,0,0,0
NA1_5397697457,20,-6,6,-8,-1059,-21,0.0,0,0,-2,1,0,0
NA1_5397674549,10,1,-1,3,1339,20,0.4,0,0,1,0,0,1
NA1_5397674549,20,6,-6,16,3584,28,0.6,1,0,2,1,0,1
NA1_5397479226,10,-3,3,-3,-257,22,-0.2,0,0,0,0,0,0
NA1_5397479226,20,-15,15,-16,-7814,-41,-1.0,-6,0,-2,0,0,0
NA1_5396921302,10,1,-1,4,88,6,0.0,0,0,-1,0,0,1
NA1_5396921302,20,1,-1,9,968,3,0.2,-1,0,-1,-1,0,1
NA1_5396921302,30,18,-18,51,10669,40,2.2,3,0,0,-1,1,1
NA1_5396913127,10,-3,3,-3,-1434,-5,0.0,0,0,1,0,0,1
NA1_5396913127,20,-4,4,-5,-1461,-29,-0.2,0,0,0,1,0,1
NA1_5396903552,10,1,-1,-3,1181,47,0.2,0,0,-1,0,0,1
NA1_5396645119,10,-1,1,-4,207,21,-0.2,0,0,-1,0,0,0
NA1_5396645119,20,-5,5,-13,-1722,12,-0.6,-1,0,-3,-1,0,0
NA1_5396619973,10,-11,11,-7,-5012,-41,-0.6,0,0,1,0,0,0
NA1_5396585006,10,0,0,0,343,22,0.2,0,0,-1,0,0,0
NA1_5396585006,20,-1,1,-4,-2177,-9,-0.4,-1,0,0,0,0,0
NA1_5396549987,10,6,-6,10,2268,-14,0.4,0,0,0,0,0,1
NA1_5396549987,20,21,-21,25,10369,25,1.4,4,0,2,1,0,1
NA1_5396523105,10,0,0,-3,-1742,-29,-0.4,0,0,0,0,0,0
NA1_5396523105,20,6,-6,9,-1133,-39,-0.2,-2,0,1,1,0,0
NA1_5396523105,30,8,-8,18,1344,-129,-0.2,2,0,-1,1,1,0
NA1_5396507915,10,-10,10,-17,-4436,-27,-0.6,0,0,-1,0,0,0
NA1_5396487708,10,-1,1,3,484,18,0.2,0,0,0,0,0,0
NA1_5399861909,10,-9,9,-15,-4229,-8,-0.2,0,0,1,0,0,0
NA1_5399861909,20,-18,18,-24,-8353,-120,-2.0,-3,0,-1,1,0,0
NA1_5399721263,10,1,-1,3,1876,50,0.6,0,0,-1,0,0,0
NA1_5399721263,20,-5,5,-15,-374,105,0.2,1,0,-1,-1,0,0
NA1_5399721263,30,-6,6,-18,4675,124,0.0,5,0,0,-1,1,0
NA1_5396105037,10,-4,4,-5,-1174,3,0.2,0,0,1,0,0,0
NA1_5396105037,20,-10,10,-14,-2514,7,0.2,2,0,2,-1,0,0
NA1_5394747546,10,-1,1,-4,-1733,-22,0.0,0,0,1,0,0,1
NA1_5394747546,20,-6,6,-13,-3823,-6,-0.2,0,0,1,-1,0,1
NA1_5394723982,10,1,-1,2,-219,-34,-0.2,0,0,0,0,0,0
NA1_5394723982,20,-3,3,3,-3781,-99,-0.6,-2,0,-2,-1,0,0
NA1_5394670377,10,4,-4,3,2662,34,0.4,0,0,-1,0,0,0
NA1_5394670377,20,0,0,-1,875,58,-0.8,1,0,-2,1,0,0
NA1_5394643272,10,2,-2,9,456,-20,0.2,0,0,1,0,0,1
NA1_5394643272,20,4,-4,9,1368,11,0.4,2,0,2,1,0,1
NA1_5394618540,10,-7,7,-7,-4004,-26,-0.6,0,0,0,0,0,0
NA1_5394590173,10,-1,1,0,-929,-37,0.0,0,0,1,0,0,0
NA1_5394590173,20,-11,11,-16,-8695,-141,-1.6,-5,0,0,-1,0,0
NA1_5393488125,10,10,-10,7,3820,22,0.8,0,0,-1,0,0,0
NA1_5393488125,20,16,-16,19,3403,-8,0.8,-1,0,-3,1,0,0
NA1_5393488125,30,22,-22,31,5329,-2,1.2,1,0,-4,1,1,0
NA1_5393469982,10,-5,5,-4,-3211,-76,-0.6,0,0,0,0,0,0
NA1_5392820368,10,5,-5,2,1682,1,-0.2,0,0,1,0,0,1
NA1_5392820368,20,8,-8,8,506,-19,-0.2,1,0,3,1,0,1
NA1_5390539852,10,6,-6,4,1772,-5,0.2,0,0,1,0,0,1
NA1_5390539852,20,12,-12,8,2596,13,0.6,0,0,3,1,0,1
NA1_5390478522,10,0,0,5,706,6,0.0,0,0,1,0,0,0
NA1_5390478522,20,-13,13,-15,-6530,-42,-0.8,-3,0,-1,-1,0,0
NA1_5390459384,10,1,-1,1,1673,42,0.8,0,0,-1,0,0,1
NA1_5387596904,10,1,-1,-2,735,12,0.0,0,0,1,0,0,0
NA1_5387596904,20,10,-10,10,5725,64,0.8,1,0,2,1,0,0
NA1_5387596904,30,8,-8,-3,244,53,0.0,1,1,2,1,-1,0
NA1_5385907706,10,3,-3,9,1462,-19,0.2,0,0,0,0,0,1
NA1_5385907706,20,9,-9,26,5524,4,1.0,2,0,-1,1,0,1
NA1_5385907706,30,16,-16,43,8758,17,2.2,3,0,1,1,1,1
NA1_5385877740,10,-9,9,-5,-3805,-12,-0.6,0,0,-1,0,0,0
NA1_5385877740,20,-11,11,-23,-4299,-10,-0.4,-1,0,-1,1,0,0
NA1_5385569120,10,0,0,2,-990,-20,0.2,0,0,1,0,0,1
NA1_5385569120,20,5,-5,16,1700,-8,0.6,1,0,0,-1,0,1
NA1_5385502648,10,6,-6,11,2881,0,0.4,0,0,0,0,0,1
NA1_5385502648,20,4,-4,2,-585,5,0.6,1,0,1,1,0,1
NA1_5385483723,10,7,-7,6,2932,6,0.4,0,0,0,0,0,1
NA1_5385460964,10,0,0,-6,-311,0,0.4,0,0,-1,0,0,0
NA1_5385460964,20,-3,3,-14,186,2,-0.2,3,0,-3,0,0,0
NA1_5385460964,30,6,-6,16,2899,-42,0.0,2,0,-2,-1,0,0
NA1_5380517521,10,-2,2,-1,111,26,0.2,0,0,-1,0,0,1
NA1_5380517521,20,-10,10,-19,-6536,18,-1.2,-3,0,-3,-1,0,1
NA1_5380517521,30,-11,11,-13,-4134,8,-1.6,-5,0,-1,-1,-1,1
NA1_5380472490,10,0,0,-1,-245,-8,0.2,0,0,-1,0,0,1
NA1_5380472490,20,9,-9,9,6917,91,0.8,2,0,1,1,0,1
NA1_5380426180,10,-4,4,-2,-1259,36,0.2,0,0,0,0,0,0
NA1_5380426180,20,-10,10,-12,-6492,4,-0.2,-3,0,-2,-1,0,0
NA1_5380381864,10,-1,1,1,-671,-16,-0.4,0,0,-1,0,0,1
NA1_5380381864,20,-7,7,-5,-1739,-33,-0.4,-1,0,-2,1,0,1
NA1_5377691284,10,-5,5,-6,-1433,23,-0.2,0,0,-1,0,0,1
NA1_5377691284,20,-3,3,-4,311,8,0.4,-1,0,-3,1,0,1
NA1_5377691284,30,-5,5,-12,-1772,13,-0.4,-4,0,-2,1,-1,1
NA1_5374075885,10,0,0,3,219,-24,0.0,0,0,-1,0,0,0
NA1_5374075885,20,-2,2,2,1409,-1,0.0,0,0,-3,1,0,0
NA1_5374075885,30,2,-2,2,4241,-39,0.8,1,1,-4,1,1,0
NA1_5374016592,10,5,-5,8,373,-58,0.0,0,0,1,0,0,0
NA1_5374016592,20,11,-11,18,1274,-72,0.4,-1,0,2,1,0,0
NA1_5374016592,30,2,-2,2,-4833,-104,-0.8,-3,0,0,1,0,0
NA1_5373970408,10,7,-7,6,3783,25,0.8,0,0,0,0,0,1
NA1_5373942782,10,-1,1,2,-1623,-36,-0.4,0,0,1,0,0,0
NA1_5373942782,20,10,-10,20,3131,-53,0.8,-1,0,1,1,0,0
NA1_5366895513,10,4,-4,5,1302,1,-0.6,0,0,-1,0,0,0
NA1_5366895513,20,-4,4,5,-4722,-20,-1.0,-4,0,-1,1,0,0
NA1_5366849862,10,-4,4,2,-1759,-24,-0.6,0,0,-1,0,0,0
NA1_5366798761,10,-4,4,-2,-1595,-8,-0.4,0,0,-1,0,0,0
NA1_5366798761,20,-3,3,11,-2228,-17,-0.2,-2,0,-2,0,0,0
NA1_5366752045,10,8,-8,18,2310,13,0.0,0,0,0,0,0,0
NA1_5366752045,20,1,-1,9,-299,-41,-0.8,1,0,0,1,0,0
NA1_5366752045,30,3,-3,7,-3235,-82,-0.4,1,2,2,1,-1,0
NA1_5366752045,40,2,-2,6,-3420,-147,-0.2,3,5,4,1,0,0
NA1_5366701592,10,1,-1,-1,821,29,0.2,0,0,-1,0,0,1
NA1_5366701592,20,10,-10,12,8746,93,0.8,4,0,-3,1,0,1
NA1_5366687393,10,3,-3,1,1783,25,0.4,0,0,1,0,0,1
NA1_5366687393,20,7,-7,9,7899,74,1.0,7,0,1,1,0,1
NA1_5363303726,10,2,-2,2,255,-7,0.2,0,0,0,0,0,1
NA1_5363303726,20,0,0,-10,-2471,-76,-1.2,0,0,0,1,0,1
NA1_5362410686,10,7,-7,10,2531,8,0.6,0,0,1,0,0,1
NA1_5362410686,20,16,-16,18,9964,73,1.2,5,0,1,1,0,1
NA1_5362326532,10,-2,2,-10,-647,18,-0.6,0,0,-1,0,0,1
NA1_5362326532,20,7,-7,7,2500,-28,0.4,1,0,0,1,0,1
NA1_5362150668,10,-3,3,-5,-2471,-50,-0.6,0,0,1,0,0,1
NA1_5362150668,20,5,-5,10,-189,-92,-0.2,-1,0,1,-1,0,1
NA1_5362143369,10,-6,6,-8,-3825,-51,-0.6,0,0,-1,0,0,0
NA1_5361744648,10,4,-4,12,2525,2,0.0,0,0,1,0,0,0
NA1_5361744648,20,-7,7,-8,-6005,-59,-1.2,-4,0,-1,-1,0,0
NA1_5361668910,10,5,-5,6,1078,-35,-0.2,0,0,-1,0,0,0
NA1_5361668910,20,6,-6,8,958,-31,-0.2,-1,0,-3,-1,0,0
NA1_5361668910,30,-3,3,0,-3554,-11,-1.6,-5,-1,-3,-1,-1,0
NA1_5361478294,10,-4,4,-9,-2182,-14,-0.6,0,0,1,0,0,1
NA1_5361478294,20,-2,2,-2,-181,-43,0.0,0,0,0,1,0,1
NA1_5361025644,10,3,-3,5,1931,47,0.2,0,0,0,0,0,1
NA1_5361025644,20,7,-7,21,5537,99,1.0,2,0,-2,1,0,1
NA1_5399732857,10,4,-4,0,2862,44,0.2,0,0,-1,0,0,1
NA1_5399706777,10,1,-1,2,-448,-55,0.0,0,0,0,0,0,0
NA1_5400265322,10,1,-1,-1,-14,2,-0.2,0,0,-1,0,0,1
NA1_5400265322,20,-7,7,-9,-2359,44,-0.2,-1,0,0,0,0,1
NA1_5400265322,30,4,-4,11,6751,73,1.2,5,1,0,1,1,1
NA1_5392497376,10,-3,3,-11,-2201,18,-0.4,0,0,0,0,0,0
NA1_5392497376,20,-16,16,-30,-7001,-47,-1.4,-1,0,-2,1,0,0
NA1_5392471599,10,-5,5,-9,-1828,32,0.2,0,0,1,0,0,1
NA1_5392471599,20,2,-2,9,3886,74,1.0,1,0,0,1,0,1
NA1_5391694512,10,6,-6,2,3372,12,0.2,0,0,0,0,0,1
NA1_5391694512,20,6,-6,-7,6200,82,0.0,4,0,2,1,0,1
NA1_5391675550,10,2,-2,-1,482,5,0.2,0,0,0,0,0,0
NA1_5391675550,20,-6,6,-21,-4808,-15,-0.2,-3,0,0,-1,0,0
NA1_5391656991,10,4,-4,6,2163,5,-0.2,0,0,1,0,0,1
NA1_5391656991,20,4,-4,7,969,46,-0.4,-2,0,0,-1,0,1
NA1_5391630497,10,0,0,-3,323,15,0.2,0,0,0,0,0,0
NA1_5391630497,20,-3,3,-10,1729,76,0.0,0,0,0,-1,0,0
NA1_5388266656,10,0,0,2,-490,-38,0.2,0,0,0,0,0,0
NA1_5388266656,20,-2,2,-3,-1583,-68,-0.2,-2,0,-2,1,0,0
NA1_5388266656,30,-7,7,-4,-5765,-149,-1.2,-2,0,-4,1,-1,0
NA1_5388229165,10,-8,8,-6,-4779,-47,-1.0,0,0,-1,0,0,0
NA1_5388229165,20,-17,17,-22,-11086,-127,-1.6,-3,0,-3,-1,0,0
NA1_5385593478,10,-7,7,-11,-3204,-18,-0.6,0,0,-1,0,0,0
NA1_5385593478,20,0,0,1,593,-24,-0.2,-2,0,-3,0,0,0
NA1_5385593478,30,6,-6,16,6505,6,0.8,-2,0,-1,1,1,0
NA1_5385390584,10,-6,6,-6,-1961,7,-0.2,0,0,-1,0,0,0
NA1_5385390584,20,-3,3,-2,811,27,0.4,0,0,-3,1,0,0
NA1_5385367249,10,2,-2,4,2682,57,0.4,0,0,0,0,0,1
NA1_5385367249,20,6,-6,-5,5734,134,1.0,2,0,2,1,0,1
NA1_5384866234,10,-2,2,-3,-1380,-11,-0.4,0,0,0,0,0,0
NA1_5384866234,20,-6,6,-13,-3378,-40,0.0,-3,0,-2,1,0,0
NA1_5384866234,30,-13,13,-28,-2859,-41,-0.4,0,0,-3,1,0,0
NA1_5384866234,40,-17,17,-41,-8416,-10,-1.0,-2,-2,-5,1,-2,0
NA1_5384846748,10,-5,5,-5,-1470,5,-0.4,0,0,1,0,0,0
NA1_5383972076,10,4,-4,1,1927,11,0.4,0,0,0,0,0,1
NA1_5383972076,20,2,-2,-3,159,-28,-0.6,1,0,0,1,0,1
NA1_5383972076,30,2,-2,-8,-979,-24,-1.2,3,0,1,1,-1,1
NA1_5381366909,10,1,-1,2,915,14,0.4,0,0,-1,0,0,1
NA1_5381366909,20,13,-13,12,7206,56,1.2,0,0,1,-1,0,1
NA1_5381320833,10,5,-5,9,2644,13,0.6,0,0,-1,0,0,0
NA1_5381320833,20,7,-7,12,5505,35,0.4,3,0,-3,1,0,0
NA1_5380334526,10,1,-1,0,239,7,-0.2,0,0,1,0,0,1
NA1_5380334526,20,18,-18,32,5130,16,1.2,3,0,1,-1,0,1
NA1_5380265487,10,2,-2,8,1328,41,0.6,0,0,1,0,0,1
NA1_5380265487,20,8,-8,18,3054,48,1.2,1,0,2,1,0,1
NA1_5379941062,10,-2,2,-1,-935,-25,0.0,0,0,1,0,0,0
NA1_5379941062,20,-5,5,-14,-891,11,0.2,1,0,1,1,0,0
NA1_5379941062,30,-11,11,-30,-4436,9,-1.4,1,0,0,1,-1,0
NA1_5379892342,10,0,0,1,-330,-9,-0.2,0,0,1,0,0,0
NA1_5379892342,20,-4,4,-13,-5317,-51,-0.4,-1,0,0,-1,0,0
NA1_5379892342,30,1,-1,4,-3674,-68,-0.8,0,1,0,-1,-1,0
NA1_5379854230,10,4,-4,4,1747,13,0.4,0,0,0,0,0,0
NA1_5379854230,20,-1,1,0,-334,22,-0.2,1,0,2,-1,0,0
NA1_5379805403,10,-2,2,-1,-368,-12,0.0,0,0,-1,0,0,1
NA1_5379805403,20,-1,1,5,157,13,0.2,-2,0,-1,1,0,1
NA1_5379805403,30,2,-2,9,4189,35,1.8,2,0,1,1,1,1
NA1_5378924246,10,-2,2,-1,-1152,-27,-0.4,0,0,-1,0,0,0
NA1_5378924246,20,-10,10,-26,-8944,-100,-0.8,-5,0,-3,-1,0,0
NA1_5378748929,10,1,-1,0,975,18,-0.4,0,0,-1,0,0,1
NA1_5378748929,20,0,0,-14,1712,51,0.0,3,0,-1,1,0,1
NA1_5378705447,10,3,-3,4,1340,-6,-0.2,0,0,0,0,0,1
NA1_5378705447,20,8,-8,15,2637,-7,0.4,-2,0,2,1,0,1
NA1_5378657412,10,1,-1,0,255,3,-0.2,0,0,-1,0,0,0
NA1_5378657412,20,1,-1,5,-1221,-23,-0.4,-1,0,-3,-1,0,0
NA1_5378617050,10,3,-3,4,530,-10,-0.2,0,0,1,0,0,1
NA1_5378617050,20,5,-5,5,1280,-1,-0.4,2,0,2,1,0,1
NA1_5378519674,10,2,-2,-1,1188,33,0.0,0,0,0,0,0,1
NA1_5378519674,20,6,-6,10,1901,76,0.4,-1,0,2,-1,0,1
NA1_5378484967,10,0,0,1,-69,-9,0.0,0,0,0,0,0,0
NA1_5378484967,20,0,0,2,658,-34,-0.2,-1,0,-2,-1,0,0
NA1_5378484967,30,-6,6,-6,-4339,-100,-1.4,-4,-1,-2,-1,-1,0
NA1_5378438649,10,2,-2,0,942,14,0.6,0,0,-1,0,0,1
NA1_5378438649,20,8,-8,12,5556,83,1.2,2,0,1,1,0,1
NA1_5378438649,30,14,-14,21,10095,77,1.4,7,1,2,1,1,1
NA1_5378411765,10,0,0,3,164,16,0.2,0,0,-1,0,0,0
NA1_5377624728,10,4,-4,3,1322,-10,0.6,0,0,-1,0,0,1
NA1_5377624728,20,5,-5,-4,3065,-5,0.2,2,0,-3,1,0,1
NA1_5377624728,30,5,-5,-15,3603,5,0.4,5,0,-1,1,0,1
NA1_5377246808,10,1,-1,2,845,-4,0.0,0,0,-1,0,0,0
NA1_5377246808,20,2,-2,3,1508,18,-0.2,1,0,-1,1,0,0
NA1_5377194493,10,0,0,-2,786,41,0.4,0,0,-1,0,0,1
NA1_5377194493,20,-6,6,-12,-3488,32,-0.4,0,0,0,1,0,1
NA1_5377194493,30,-9,9,-27,-3262,78,-1.2,3,0,0,1,-1,1
NA1_5377157502,10,-2,2,0,281,31,-0.2,0,0,0,0,0,0
NA1_5377157502,20,-10,10,-12,-1324,10,-0.8,1,0,-2,1,0,0
NA1_5377129952,10,-6,6,-7,-2318,-27,-0.4,0,0,-1,0,0,0
NA1_5377129952,20,-7,7,-9,-5741,-89,-0.8,-4,0,-3,-1,0,0
NA1_5374792112,10,-4,4,-5,-1055,6,-0.2,0,0,1,0,0,1
NA1_5374792112,20,-2,2,0,63,-15,-0.2,0,0,0,1,0,1
NA1_5374746564,10,-1,1,-4,-891,-1,-0.4,0,0,-1,0,0,1
NA1_5374567273,10,-1,1,-2,-1662,-39,-0.4,0,0,-1,0,0,0
NA1_5374567273,20,3,-3,8,-186,-31,0.2,-1,0,0,-1,0,0
NA1_5374507220,10,4,-4,7,2229,36,0.0,0,0,1,0,0,0
NA1_5374507220,20,2,-2,12,524,20,-0.2,0,0,0,1,0,0
NA1_5372583583,10,-2,2,-2,-1106,-19,-0.4,0,0,0,0,0,0
NA1_5372583583,20,2,-2,5,2767,41,0.2,3,0,2,1,0,0
NA1_5372583583,30,-12,12,-36,-4284,65,-2.0,3,0,2,1,-1,0
NA1_5372570395,10,-2,2,-2,-693,23,0.0,0,0,-1,0,0,0
NA1_5372322362,10,-1,1,-4,-492,13,0.2,0,0,0,0,0,1
NA1_5372322362,20,5,-5,3,2541,13,0.6,1,0,0,1,0,1
NA1_5372296781,10,0,0,2,679,21,-0.2,0,0,-1,0,0,0
NA1_5372296781,20,-6,6,-8,-5430,-49,-0.2,-2,0,-2,-1,0,0
NA1_5369313435,10,5,-5,7,2372,-24,0.4,0,0,1,0,0,1
NA1_5368592220,10,-3,3,-3,-1191,-16,-0.4,0,0,-1,0,0,0
NA1_5368592220,20,-7,7,-6,-2550,-50,-1.0,-1,0,-3,-1,0,0
NA1_5368496108,10,-10,10,-9,-5148,-43,-0.8,0,0,0,0,0,0
NA1_5368496108,20,-17,17,-11,-7545,-127,-1.0,-4,0,-2,-1,0,0
NA1_5397734858,10,8,-8,18,3454,5,0.2,0,0,0,0,0,1
NA1_5397734858,20,12,-12,24,6970,33,0.8,4,0,1,1,0,1
NA1_5400224905,10,6,-6,6,1726,-25,0.0,0,0,0,0,0,1
NA1_5400224905,20,9,-9,11,5263,-20,0.8,3,0,-1,1,0,1
NA1_5400224905,30,9,-9,13,2741,-27,0.0,4,0,1,1,-1,1
NA1_5400199515,10,-7,7,-10,-2360,24,-0.2,0,0,0,0,0,0
NA1_5400199515,20,-12,12,-12,-2459,48,-0.4,-1,0,2,-1,0,0
NA1_5400183046,10,2,-2,0,1058,24,0.0,0,0,-1,0,0,0
NA1_5400183046,20,1,-1,-1,-372,12,-0.6,1,0,-1,-1,0,0
NA1_5400174041,10,12,-12,10,5825,-6,0.4,1,0,0,0,0,1
NA1_5400158296,10,-5,5,-9,-1893,28,-0.6,0,0,0,0,0,0
NA1_5400158296,20,-11,11,-29,-3555,31,-0.4,0,0,0,-1,0,0
NA1_5400147905,10,4,-4,3,2200,7,0.0,0,0,1,0,0,1
NA1_5400147905,20,14,-14,6,9684,83,1.4,5,0,3,0,0,1
NA1_5400135270,10,3,-3,3,1638,39,-0.2,0,0,0,0,0,0
NA1_5400135270,20,0,0,-5,637,52,0.2,-2,0,0,-1,0,0
NA1_5396667097,10,2,-2,1,537,-3,0.0,0,0,1,0,0,1
NA1_5396667097,20,12,-12,8,1520,27,0.8,-1,0,2,1,0,1
NA1_5396625814,10,0,0,0,547,18,0.0,0,0,-1,0,0,1
NA1_5396625814,20,-4,4,-3,1788,23,0.0,1,0,-1,1,0,1
NA1_5396602801,10,1,-1,2,265,-5,0.2,0,0,1,0,0,1
NA1_5396602801,20,17,-17,19,7310,33,1.4,0,0,3,1,0,1
NA1_5396581238,10,-1,1,-2,-2340,-70,-0.4,0,0,-1,0,0,0
NA1_5396536601,10,-2,2,1,-1060,-22,-0.2,0,0,0,0,0,1
NA1_5396536601,20,1,-1,7,-646,-37,0.0,-3,0,0,-1,0,1
NA1_5396513103,10,2,-2,4,696,27,0.0,0,0,1,0,0,0
NA1_5396513103,20,-4,4,1,-2646,28,-0.2,-1,0,2,-1,0,0
NA1_5396513103,30,-1,1,7,-1427,20,0.6,-4,0,2,-1,0,0
NA1_5396487470,10,3,-3,-1,418,-35,-0.2,0,0,0,0,0,0
NA1_5396487470,20,0,0,-5,-2349,-55,-0.6,-3,0,0,1,0,0
NA1_5396458346,10,2,-2,0,750,-15,0.0,0,0,0,0,0,0
NA1_5396458346,20,-2,2,-3,-2653,-48,-0.6,-2,0,-2,-1,0,0
NA1_5396458346,30,-10,10,-19,-8682,-54,-1.8,-5,-1,-2,-1,-1,0
NA1_5396432960,10,2,-2,5,742,-33,-0.4,0,0,-1,0,0,1
NA1_5396432960,20,0,0,2,1562,-68,0.0,3,0,0,-1,0,1
NA1_5396432960,30,5,-5,14,4312,-45,0.8,2,1,2,-1,1,1
NA1_5396401493,10,3,-3,1,763,-9,-0.2,0,0,-1,0,0,0
NA1_5396401493,20,2,-2,3,-1234,-14,-0.4,-2,0,-3,1,0,0
NA1_5396401493,30,2,-2,12,-938,22,-0.8,-3,0,-1,1,-1,0
NA1_5396401493,40,6,-6,14,3781,29,0.0,-4,0,-2,1,0,0
NA1_5396300838,10,-2,2,-7,-1399,-25,-0.2,0,0,0,0,0,1
NA1_5396300838,20,11,-11,12,3078,1,1.2,1,0,2,0,0,1
NA1_5396287856,10,-1,1,-3,5,-10,-0.2,0,0,-1,0,0,0
NA1_5396287856,20,-8,8,-12,-5135,-19,-0.6,-2,0,-1,-1,0,0
NA1_5396271193,10,5,-5,8,2312,10,0.0,0,0,1,0,0,1
NA1_5396271193,20,2,-2,2,-827,8,0.0,0,0,3,1,0,1
NA1_5396254610,10,5,-5,6,2251,23,0.6,0,0,1,0,0,1
NA1_5396254610,20,7,-7,14,4973,24,0.8,3,0,3,1,0,1
NA1_5396254610,30,10,-10,3,6031,45,0.6,2,0,3,1,1,1
NA1_5395572204,10,4,-4,8,1630,-17,0.2,0,0,-1,0,0,1
NA1_5395572204,20,4,-4,10,3669,34,0.2,1,0,-2,1,0,1
NA1_5395561474,10,7,-7,4,2653,46,0.2,0,0,0,0,0,1
NA1_5395561474,20,13,-13,9,8531,62,0.6,5,0,-2,1,0,1
NA1_5395550244,10,0,0,1,413,2,0.2,0,0,-1,0,0,0
NA1_5395550244,20,5,-5,9,4539,26,0.4,3,0,-2,-1,0,0
NA1_5395550244,30,2,-2,3,2076,-3,-0.4,7,2,-2,-1,0,0
NA1_5395547295,10,-10,10,-20,-3745,25,-0.4,0,0,1,0,0,0
NA1_5395230260,10,1,-1,-3,-679,-7,-0.2,0,0,0,0,0,0
NA1_5395230260,20,-2,2,-5,-4258,-56,-0.6,-2,0,-1,0,0,0
NA1_5395230260,30,-7,7,-2,-8059,-66,-0.6,-6,0,1,-1,-1,0
NA1_5395205154,10,5,-5,4,2462,7,0.4,0,0,-1,0,0,1
NA1_5395205154,20,15,-15,18,10465,44,0.6,7,0,-3,0,0,1
NA1_5395183405,10,-1,1,4,-578,-19,0.2,0,0,1,0,0,1
NA1_5395183405,20,2,-2,6,517,7,0.6,-1,0,3,0,0,1
NA1_5391235566,10,-2,2,1,-619,-7,-0.4,0,0,1,0,0,0
NA1_5391235566,20,-4,4,-7,-2898,-15,-0.8,-3,0,2,-1,0,0
NA1_5391193712,10,-4,4,-5,-2699,-53,-1.0,0,0,0,0,0,0
NA1_5391193712,20,-11,11,-11,-6113,-63,-0.8,-1,0,-2,-1,0,0
NA1_5391156644,10,-1,1,0,74,24,0.0,0,0,-1,0,0,1
NA1_5391156644,20,-7,7,-17,-1791,8,-0.4,0,0,-1,-1,0,1
NA1_5391156644,30,-3,3,-10,1800,-17,0.2,1,0,-2,-1,0,1
NA1_5386449783,10,4,-4,6,1643,7,0.0,0,0,1,0,0,1
NA1_5386449783,20,6,-6,9,1961,2,0.2,1,0,2,-1,0,1
NA1_5386398724,10,-2,2,-2,-1611,-18,-0.4,0,0,0,0,0,0
NA1_5386398724,20,-1,1,0,-2017,-66,-0.2,-2,0,0,1,0,0
NA1_5386398724,30,4,-4,9,-3234,-70,0.0,-1,0,0,1,-1,0
NA1_5386374419,10,-5,5,-4,-1825,16,-0.2,0,0,0,0,0,0
NA1_5386341773,10,-3,3,-4,-1407,1,0.0,0,0,1,0,0,0
NA1_5386341773,20,-10,10,-6,-6903,-64,-1.0,-3,0,0,-1,0,0
NA1_5386315457,10,-3,3,0,-1351,-36,-0.2,0,0,1,0,0,1
NA1_5386315457,20,-9,9,-12,-2189,-3,-0.2,0,0,-1,1,0,1
NA1_5386292634,10,5,-5,1,1549,-14,0.2,0,0,0,0,0,0
NA1_5386292634,20,6,-6,-3,2665,-6,0.0,1,0,-2,-1,0,0
NA1_5386273852,10,-4,4,-2,-2819,-35,-0.4,0,0,0,0,0,0
NA1_5386273852,20,-13,13,-20,-11173,-92,-1.4,-5,0,0,-1,0,0
NA1_5385068789,10,-6,6,-5,-2290,11,-0.2,0,0,-1,0,0,1
NA1_5385068789,20,-1,1,8,1226,46,0.6,0,0,-2,1,0,1
NA1_5385068789,30,-6,6,0,-331,54,-0.4,0,0,-2,1,0,1
NA1_5385018537,10,1,-1,2,480,9,-0.2,0,0,0,0,0,0
NA1_5385018537,20,4,-4,-3,1368,53,0.4,3,0,0,1,0,0
NA1_5384994166,10,-2,2,-1,-2569,-57,-0.2,0,0,0,0,0,0
NA1_5384957168,10,3,-3,5,1657,19,0.4,0,0,0,0,0,1
NA1_5384957168,20,10,-10,18,9914,85,1.2,4,0,2,1,0,1
NA1_5384902577,10,1,-1,-4,277,12,-0.2,0,0,0,0,0,1
NA1_5384902577,20,4,-4,6,738,-1,-0.8,0,0,0,1,0,1
NA1_5384902577,30,6,-6,1,4102,38,0.6,1,0,-1,1,1,1
NA1_5384875926,10,-1,1,-2,-78,12,0.2,0,0,0,0,0,1
NA1_5384875926,20,6,-6,9,5768,26,1.4,3,0,0,1,0,1
NA1_5384847496,10,6,-6,9,2418,19,0.4,0,0,0,0,0,1
NA1_5383314174,10,3,-3,6,2226,43,0.6,0,0,1,0,0,1
NA1_5383314174,20,3,-3,8,3786,61,0.2,2,0,3,1,0,1
NA1_5383253370,10,-3,3,1,-340,20,0.0,0,0,0,0,0,0
NA1_5383253370,20,5,-5,14,3806,45,0.6,0,0,2,-1,0,0
NA1_5383253370,30,0,0,-1,-2891,58,-1.4,-1,0,0,-1,-1,0
NA1_5383220447,10,4,-4,6,3092,43,0.4,0,0,1,0,0,1
NA1_5383164344,10,3,-3,0,1062,8,0.0,0,0,1,0,0,0
NA1_5383164344,20,1,-1,-4,2339,24,0.2,3,0,3,1,0,0
NA1_5383164344,30,-10,10,-34,-8773,-42,-2.2,-1,0,1,1,-1,0
NA1_5398960355,10,1,-1,2,1024,25,0.0,0,0,1,0,0,1
NA1_5398960355,20,-10,10,-13,-6584,-18,-0.6,-3,0,0,1,0,1
NA1_5398960355,30,-10,10,-11,-2156,-4,1.0,1,2,0,1,1,1
NA1_5398947863,10,2,-2,4,1921,37,0.2,0,0,0,0,0,0
NA1_5398934469,10,1,-1,4,-8,-59,-0.2,0,0,1,0,0,1
NA1_5398907492,10,0,0,-3,284,14,0.2,0,0,-1,0,0,0
NA1_5398907492,20,-10,10,-21,-2987,-12,-1.2,-1,0,-3,1,0,0
NA1_5398876899,10,0,0,0,-21,-7,0.0,0,0,-1,0,0,1
NA1_5398876899,20,5,-5,18,3029,17,0.8,2,0,-1,-1,0,1
NA1_5398876899,30,6,-6,35,863,22,0.6,2,0,1,-1,-1,1
NA1_5398866883,10,-1,1,-3,-745,-11,-0.2,0,0,0,0,0,0
NA1_5398866883,20,4,-4,3,-1826,-40,0.0,-3,0,0,-1,0,0
NA1_5398452948,10,1,-1,3,289,-32,0.0,0,0,-1,0,0,0
NA1_5398452948,20,5,-5,9,1870,-52,-0.2,3,0,-3,1,0,0
NA1_5398452948,30,0,0,16,-2792,-100,-1.4,-1,0,-4,1,-1,0
NA1_5398425247,10,3,-3,8,228,-38,0.0,0,0,-1,0,0,1
NA1_5398425247,20,7,-7,21,4631,-9,0.4,1,0,-1,-1,0,1
NA1_5398425247,30,17,-17,43,5561,-46,0.6,2,1,-2,-1,-1,1
NA1_5398287945,10,-1,1,-5,60,22,-0.4,0,0,1,0,0,1
NA1_5398287945,20,1,-1,2,4569,60,0.8,3,0,2,1,0,1
NA1_5398276657,10,-4,4,-4,-2000,-21,-0.8,0,0,0,0,0,1
NA1_5398276657,20,8,-8,-5,2410,26,1.0,2,0,2,-1,0,1
NA1_5398268955,10,-7,7,-19,-3663,2,-0.6,0,0,-1,0,0,0
NA1_5398268955,20,-19,19,-42,-8517,-69,-1.8,-2,0,-2,-1,0,0
NA1_5398257110,10,-5,5,-6,-2271,-12,-0.2,0,0,1,0,0,0
NA1_5398257110,20,2,-2,11,3817,11,0.6,0,0,1,1,0,0
NA1_5398257110,30,4,-4,17,2853,1,1.2,-1,0,2,1,0,0
NA1_5398224895,10,0,0,-1,146,45,0.2,0,0,1,0,0,0
NA1_5398224895,20,-11,11,-22,-6335,-20,-0.6,-2,0,0,1,0,0
NA1_5398108504,10,-6,6,-3,-3096,-38,-0.8,0,0,1,0,0,0
NA1_5398108504,20,-15,15,-13,-10402,-89,-1.2,-5,0,0,-1,0,0
NA1_5398079599,10,1,-1,3,459,-1,0.0,0,0,0,0,0,0
NA1_5398079599,20,-6,6,-9,-4769,-7,-0.8,-1,0,0,1,0,0
NA1_5398079599,30,-2,2,-2,-4733,1,-0.2,-4,0,0,1,0,0
NA1_5397970990,10,4,-4,6,1371,-2,-0.2,0,0,0,0,0,1
NA1_5397970990,20,5,-5,7,719,-41,-0.2,0,0,1,-1,0,1
NA1_5397970990,30,7,-7,7,163,-11,0.4,-2,0,1,-1,0,1
NA1_5397953446,10,4,-4,4,2238,28,0.2,0,0,1,0,0,1
NA1_5397683426,10,3,-3,-3,706,9,0.0,0,0,0,0,0,0
NA1_5397683426,20,1,-1,-13,1328,59,0.6,2,0,-2,1,0,0
NA1_5397683426,30,0,0,-10,232,78,-0.4,3,1,0,1,-1,0
NA1_5397662828,10,-3,3,-4,-966,7,0.2,0,0,-1,0,0,1
NA1_5397662828,20,5,-5,2,3894,20,0.4,3,0,-1,1,0,1
NA1_5397662828,30,11,-11,1,7001,22,1.4,6,1,1,1,0,1
NA1_5397654508,10,1,-1,5,-711,-51,-0.2,0,0,0,0,0,0
NA1_5397654508,20,1,-1,-11,-2423,-95,-0.2,-1,0,-2,1,0,0
NA1_5397654508,30,-4,4,-23,-4233,-99,-0.6,0,0,-4,1,-1,0
NA1_5396297192,10,3,-3,7,2101,32,0.4,0,0,-1,0,0,0
NA1_5396297192,20,5,-5,6,1245,14,0.2,0,0,-3,0,0,0
NA1_5396274714,10,-5,5,-3,-1917,-4,0.0,0,0,0,0,0,1
NA1_5396274714,20,-3,3,11,-90,-60,-0.4,-2,0,0,1,0,1
NA1_5396274714,30,-12,12,7,-7573,-101,-1.4,-6,-2,2,1,-1,1
NA1_5396268870,10,5,-5,10,2262,-31,0.0,0,0,-1,0,0,1
NA1_5396268870,20,16,-16,39,5193,0,1.0,0,0,-1,-1,0,1
NA1_5395641796,10,7,-7,6,2615,-1,0.8,0,0,0,0,0,1
NA1_5395641796,20,11,-11,15,3963,-2,0.4,0,0,0,1,0,1
NA1_5395628022,10,1,-1,-1,315,8,0.0,0,0,-1,0,0,1
NA1_5395628022,20,4,-4,-15,4473,48,0.4,4,0,1,1,0,1
NA1_5395586689,10,5,-5,5,2286,19,0.2,0,0,0,0,0,1
NA1_5395586689,20,14,-14,13,6197,9,0.6,4,0,-2,1,0,1
NA1_5395115359,10,-5,5,1,-1755,-6,-0.4,0,0,-1,0,0,0
NA1_5395115359,20,-14,14,-14,-9138,-110,-1.0,-4,0,-2,-1,0,0
NA1_5395088273,10,-3,3,-9,-2410,-24,-0.4,0,0,-1,0,0,1
NA1_5395088273,20,-5,5,-18,-5433,-46,-1.0,-2,0,1,-1,0,1
NA1_5395088273,30,-14,14,-32,-8739,-63,-0.4,-3,0,-1,-1,0,1
NA1_5395073944,10,5,-5,7,3026,25,0.8,0,0,1,0,0,1
NA1_5395073944,20,10,-10,12,7695,59,0.2,3,0,1,1,0,1
NA1_5395054566,10,-4,4,-4,-1687,-26,-0.2,0,0,0,0,0,0
NA1_5395054566,20,-5,5,1,-4413,-102,-0.2,-3,0,0,0,0,0
NA1_5394969716,10,-3,3,-4,-1562,-46,-0.2,0,0,0,0,0,0
NA1_5394969716,20,-12,12,-17,-9922,-108,-1.2,-5,0,-2,-1,0,0
NA1_5394960190,10,-4,4,-8,-1169,16,-0.2,0,0,-1,0,0,0
NA1_5394960190,20,-13,13,-25,-6019,2,-0.6,-3,0,-2,-1,0,0
NA1_5394944030,10,-4,4,-8,-893,23,0.2,0,0,-1,0,0,0
NA1_5394944030,20,-2,2,-2,317,-27,-0.6,1,0,0,1,0,0
NA1_5394944030,30,-3,3,-11,-2256,-56,0.2,-1,0,0,1,0,0
NA1_5394460011,10,-3,3,-6,-1656,-12,-0.2,0,0,0,0,0,0
NA1_5394460011,20,-6,6,-5,-4266,-65,-1.2,-1,0,-2,-1,0,0
NA1_5394441940,10,4,-4,7,1495,6,0.2,0,0,0,0,0,1
NA1_5394441940,20,11,-11,12,5852,29,0.2,3,0,0,1,0,1
NA1_5393772693,10,1,-1,3,824,-4,0.0,0,0,0,0,0,0
NA1_5393772693,20,-6,6,-10,-2672,2,-0.4,-1,0,-2,0,0,0
NA1_5393759538,10,5,-5,10,1700,3,0.0,0,0,0,0,0,1
NA1_5393759538,20,13,-13,18,9466,102,1.0,4,0,0,1,0,1
NA1_5393746377,10,3,-3,-1,1698,21,1.0,0,0,-1,0,0,1
NA1_5393730839,10,1,-1,-9,-155,-3,0.2,0,0,0,0,0,0
NA1_5393730839,20,12,-12,-2,4035,-22,0.6,2,0,0,1,0,0
NA1_5392975252,10,-2,2,-1,-288,-13,-0.2,0,0,1,0,0,1
NA1_5392975252,20,1,-1,8,2777,-25,0.2,1,0,0,1,0,1
NA1_5392975252,30,2,-2,11,-1158,-79,-1.2,0,0,0,1,-1,1
NA1_5392790399,10,-6,6,0,-2292,-10,-0.4,0,0,-1,0,0,0
NA1_5392790399,20,-15,15,-2,-4397,-76,-1.0,-2,0,-3,1,0,0
NA1_5392758053,10,-2,2,-1,-188,-27,-0.2,0,0,0,0,0,1
NA1_5392758053,20,-3,3,1,-3687,-85,-0.8,-3,0,1,-1,0,1
NA1_5392722669,10,-2,2,-6,-908,-3,0.2,0,0,1,0,0,1
NA1_5392722669,20,-11,11,-12,-4429,8,-0.2,-4,0,-1,-1,0,1
NA1_5392698600,10,-7,7,0,-1845,-2,-0.6,0,0,-1,0,0,0
NA1_5392669309,10,-3,3,-6,-479,6,-0.2,0,0,-1,0,0,1
NA1_5392669309,20,-5,5,-5,1509,22,0.8,0,0,-1,1,0,1
NA1_5392648502,10,-4,4,0,-1456,-19,-0.4,0,0,0,0,0,0
NA1_5392617780,10,4,-4,3,2334,30,0.6,0,0,0,0,0,1
NA1_5392617780,20,6,-6,1,5502,47,0.0,4,0,-2,1,0,1
NA1_5400272249,10,-3,3,-4,-2764,-40,-0.4,0,0,0,0,0,0
NA1_5400250986,10,5,-5,0,2004,13,0.2,0,0,1,0,0,1
NA1_5400250986,20,-3,3,-8,-2763,-5,-0.6,-2,0,1,-1,0,1
NA1_5400250986,30,-4,4,-11,-3215,-29,-0.4,-4,0,-1,-1,1,1
NA1_5400236488,10,-6,6,-4,-3211,-61,-1.0,0,0,-1,0,0,0
NA1_5400218840,10,5,-5,11,1962,2,-0.2,0,0,1,0,0,0
NA1_5400218840,20,1,-1,-3,-46,-2,-0.2,0,0,1,1,0,0
NA1_5400218840,30,-10,10,-27,-5440,2,-1.6,-1,0,0,1,-1,0
NA1_5400109608,10,2,-2,6,978,-1,0.0,0,0,-1,0,0,0
NA1_5400109608,20,0,0,0,-1593,-61,-0.6,-1,0,0,-1,0,0
NA1_5400109608,30,0,0,-6,805,-35,-0.4,-1,0,-2,-1,0,0
NA1_5400105049,10,2,-2,3,1094,-2,0.4,0,0,1,0,0,1
NA1_5400105049,20,6,-6,16,2255,9,0.0,0,0,0,1,0,1
NA1_5399578151,10,-1,1,0,35,14,0.2,0,0,1,0,0,1
NA1_5399578151,20,5,-5,8,5290,42,0.4,3,0,2,1,0,1
NA1_5399558059,10,2,-2,0,827,-11,-0.2,0,0,0,0,0,1
NA1_5399558059,20,-2,2,0,43,10,-0.2,-2,0,-2,0,0,1
NA1_5399558059,30,-1,1,2,3340,-9,0.6,-2,0,-1,-1,1,1
NA1_5399547175,10,4,-4,4,2198,20,0.4,0,0,-1,0,0,1
NA1_5399531339,10,3,-3,8,1179,-8,0.2,0,0,1,0,0,1
NA1_5399531339,20,9,-9,18,4191,-6,0.6,3,0,1,1,0,1
NA1_5399513115,10,-1,1,-4,-395,17,0.0,0,0,1,0,0,0
NA1_5399513115,20,1,-1,3,59,-35,-1.2,-1,0,-1,1,0,0
NA1_5399513115,30,-4,4,-11,-109,-54,-0.6,0,0,-1,1,1,0
NA1_5398918448,10,-3,3,-6,-1810,-31,-0.4,0,0,-1,0,0,0
NA1_5398918448,20,-6,6,-14,-6241,-79,-1.0,-3,0,-3,1,0,0
NA1_5398890631,10,-1,1,1,886,4,0.0,0,0,0,0,0,1
NA1_5398890631,20,5,-5,8,5266,15,0.2,4,0,-2,1,0,1
NA1_5398878437,10,4,-4,0,2101,22,0.4,0,0,0,0,0,1
NA1_5398878437,20,9,-9,6,6141,-7,0.2,5,0,2,1,0,1
NA1_5398834783,10,0,0,2,17,3,-0.4,0,0,1,0,0,1
NA1_5398834783,20,-6,6,-15,-2360,22,-0.4,1,0,3,1,0,1
NA1_5398827770,10,-1,1,-1,-537,-5,0.0,0,0,1,0,0,0
NA1_5398628937,10,-4,4,-4,-2303,-16,0.2,0,0,1,0,0,0
NA1_5398628937,20,-2,2,-5,-2179,7,0.2,-1,0,0,-1,0,0
NA1_5398628937,30,6,-6,8,1388,-33,1.0,1,0,-2,-1,0,0
NA1_5398593455,10,1,-1,-4,684,21,-0.2,0,0,1,0,0,1
NA1_5398593455,20,9,-9,5,7288,78,1.2,4,0,2,1,0,1
NA1_5398528726,10,2,-2,3,-420,-67,0.0,0,0,1,0,0,1
NA1_5398528726,20,8,-8,14,2438,-41,0.8,-1,0,2,1,0,1
NA1_5398528726,30,17,-17,28,9890,-19,1.0,2,0,1,1,1,1
NA1_5398528726,40,15,-15,21,3907,-28,0.2,4,3,3,1,0,1
NA1_5398328503,10,-2,2,-1,230,12,0.0,0,0,-1,0,0,0
NA1_5398328503,20,-16,16,-14,-4817,-15,-1.4,-2,0,-3,1,0,0
NA1_5398311359,10,6,-6,6,2186,-10,0.0,0,0,1,0,0,1
NA1_5398288133,10,-3,3,-4,-1199,24,0.0,0,0,0,0,0,0
NA1_5398288133,20,-1,1,-4,510,6,0.0,1,0,0,1,0,0
NA1_5398288133,30,-6,6,-28,-4563,-45,0.0,-4,-1,1,1,0,0
NA1_5398264577,10,-4,4,-4,-1178,7,-0.4,0,0,0,0,0,0
NA1_5398264577,20,-1,1,-1,-98,-6,0.0,-1,0,-2,1,0,0
NA1_5398264577,30,13,-13,25,6955,19,1.4,3,0,0,1,1,0
NA1_5398264577,40,11,-11,25,3280,17,0.4,2,0,1,1,1,0
NA1_5398257140,10,-4,4,-1,-2191,-22,-0.4,0,0,-1,0,0,0
NA1_5398257140,20,-9,9,-6,-2316,-30,-0.4,1,0,-1,1,0,0
NA1_5398246918,10,-1,1,-4,-1590,-41,-0.2,0,0,0,0,0,0
NA1_5398246918,20,-1,1,-13,-2570,-61,0.4,0,0,0,1,0,0
NA1_5398237297,10,2,-2,3,982,-4,0.6,0,0,0,0,0,1
NA1_5398237297,20,15,-15,22,11657,84,1.6,7,2,2,1,0,1
NA1_5398231440,10,4,-4,2,2325,27,0.2,0,0,0,0,0,1
NA1_5398231440,20,-6,6,-20,-2297,24,-0.8,2,0,-2,1,0,1
NA1_5398231440,30,-8,8,-7,-1430,-56,0.0,1,1,0,1,1,1
NA1_5398224048,10,0,0,-3,511,26,0.4,0,0,0,0,0,1
NA1_5398224048,20,10,-10,16,7810,40,0.8,5,0,2,1,0,1
NA1_5398214717,10,2,-2,-3,402,3,0.2,0,0,1,0,0,0
NA1_5398214717,20,-2,2,-10,-2501,19,-0.4,-2,0,0,1,0,0
NA1_5398214717,30,2,-2,-1,1848,56,0.2,-1,0,0,1,0,0
NA1_5398212254,10,5,-5,8,3124,-2,0.8,0,0,1,0,0,1
NA1_5398207804,10,0,0,-3,-320,11,0.4,0,0,1,0,0,1
NA1_5398207804,20,5,-5,1,896,31,0.2,-1,0,1,1,0,1
NA1_5398207804,30,21,-21,27,11515,99,2.0,4,1,2,1,1,1
NA1_5398000026,10,0,0,-1,-185,-12,0.0,0,0,-1,0,0,1
NA1_5398000026,20,-1,1,5,-1478,6,0.4,-3,0,0,1,0,1
NA1_5398000026,30,8,-8,32,4301,68,1.4,-2,0,2,1,1,1
NA1_5397970636,10,2,-2,-1,391,14,0.4,0,0,0,0,0,0
NA1_5397970636,20,-3,3,-14,-3565,0,-0.8,-1,0,0,0,0,0
NA1_5397943156,10,0,0,3,-91,-25,0.2,0,0,0,0,0,1
NA1_5397943156,20,-1,1,5,-2087,-37,-0.2,-1,0,0,-1,0,1
NA1_5397943156,30,15,-15,40,2543,-47,2.0,-2,0,1,-1,1,1
NA1_5397921807,10,0,0,1,736,27,0.4,0,0,-1,0,0,0
NA1_5397921807,20,-6,6,-8,-3855,-16,-0.6,-2,0,-2,-1,0,0
NA1_5397893292,10,0,0,-1,-878,-8,0.2,0,0,0,0,0,0
NA1_5397893292,20,-1,1,-3,-5252,-71,-0.8,-3,0,-2,-1,0,0
NA1_5397841715,10,1,-1,2,1060,26,0.4,0,0,-1,0,0,0
NA1_5397841715,20,-1,1,-12,-341,14,0.0,1,0,1,1,0,0
NA1_5397825096,10,-1,1,-4,400,25,0.0,0,0,0,0,0,1
NA1_5397825096,20,-2,2,0,3225,28,0.4,4,0,0,1,0,1
NA1_5397825096,30,0,0,-2,5183,73,0.8,3,0,2,1,1,1
NA1_5397768053,10,8,-8,8,3158,3,0.6,0,0,1,0,0,1
NA1_5397768053,20,7,-7,2,-3,-19,-0.2,-1,0,2,1,0,1
NA1_5397768053,30,11,-11,8,1031,-22,-1.2,3,1,2,1,-1,1
NA1_5397750819,10,-1,1,-3,-543,-10,0.2,0,0,1,0,0,1
NA1_5397750819,20,4,-4,3,790,-52,0.2,1,0,1,-1,0,1
NA1_5397750819,30,10,-10,20,5852,-89,1.4,4,1,2,-1,1,1
NA1_5397736127,10,1,-1,5,-106,-31,-0.2,0,0,-1,0,0,0
NA1_5397736127,20,-5,5,0,-5317,-59,-0.6,-3,0,-3,0,0,0
NA1_5397713363,10,0,0,-1,125,16,-0.2,0,0,1,0,0,0
NA1_5397713363,20,-9,9,-20,-1173,28,0.0,-1,0,-1,1,0,0
NA1_5397713363,30,-6,6,-17,1464,-11,0.6,0,0,-1,1,1,0
NA1_5397690957,10,3,-3,5,2219,34,0.2,0,0,0,0,0,1
NA1_5397679945,10,2,-2,2,1091,-6,-0.4,0,0,-1,0,0,0
NA1_5397679945,20,4,-4,8,3098,57,0.0,0,0,-2,1,0,0
NA1_5397679945,30,-5,5,0,1477,44,-1.0,1,0,-4,1,0,0
NA1_5397504305,10,-4,4,-6,-1533,12,0.2,0,0,1,0,0,0
NA1_5397504305,20,-6,6,-3,-1958,-12,-0.6,0,0,-1,1,0,0
NA1_5396990236,10,4,-4,10,1539,-6,0.2,0,0,1,0,0,1
NA1_5396990236,20,2,-2,2,-2149,-27,-0.6,0,0,1,1,0,1
NA1_5396960480,10,4,-4,4,1586,-14,0.4,0,0,1,0,0,1
NA1_5396960480,20,14,-14,25,5074,-41,1.0,1,0,2,1,0,1
NA1_5396960480,30,5,-5,9,-1607,-48,-0.4,0,0,1,1,0,1
NA1_5396957745,10,-2,2,-2,-1077,-9,-0.2,0,0,1,0,0,1
NA1_5396957745,20,0,0,6,-1457,-41,-0.2,-3,0,0,0,0,1
NA1_5396949131,10,-2,2,-7,-1322,-6,-0.6,0,0,0,0,0,1
NA1_5396949131,20,4,-4,13,2680,-13,0.4,2,0,-1,1,0,1
NA1_5400290930,10,-2,2,-10,-783,22,0.4,0,0,1,0,0,1
NA1_5400036242,10,2,-2,1,935,29,0.0,0,0,0,0,0,1
NA1_5400036242,20,11,-11,13,9700,80,1.4,7,2,2,1,0,1
NA1_5396857615,10,0,0,-5,649,53,0.0,0,0,0,0,0,1
NA1_5396857615,20,1,-1,-10,881,80,0.4,0,0,1,1,0,1
NA1_5396857615,30,1,-1,-16,223,93,-0.2,2,0,-1,1,-1,1
NA1_5396833477,10,-1,1,-5,-230,13,0.2,0,0,0,0,0,1
NA1_5396833477,20,3,-3,3,-157,-5,0.2,0,0,2,1,0,1
NA1_5396833477,30,14,-14,27,2930,21,0.8,2,0,3,1,-1,1
NA1_5396811796,10,-2,2,-2,-740,-7,0.2,0,0,-1,0,0,1
NA1_5396811796,20,3,-3,2,2103,13,0.8,0,0,-2,-1,0,1
NA1_5396785411,10,-2,2,-1,-327,-4,-0.2,0,0,-1,0,0,0
NA1_5396785411,20,-1,1,-4,-419,-24,0.4,-1,0,0,-1,0,0
NA1_5396758622,10,6,-6,8,3006,21,0.2,0,0,-1,0,0,0
NA1_5396758622,20,2,-2,-15,7,46,-0.2,-1,0,-3,0,0,0
NA1_5396736562,10,6,-6,8,2845,13,0.2,0,0,0,0,0,1
NA1_5396713135,10,1,-1,3,445,-2,0.2,0,0,0,0,0,1
NA1_5396713135,20,4,-4,8,2515,20,0.2,1,0,0,1,0,1
NA1_5396625239,10,-2,2,-3,-487,6,0.0,0,0,-1,0,0,0
NA1_5396625239,20,4,-4,8,5400,42,0.6,2,0,-1,1,0,0
NA1_5396625239,30,7,-7,10,6722,2,1.2,1,0,0,1,1,0
NA1_5396479616,10,1,-1,3,-76,-8,0.2,0,0,0,0,0,0
NA1_5396479616,20,-6,6,-3,-3081,-13,-0.4,-1,0,-1,1,0,0
NA1_5396479616,30,-5,5,6,-2980,-81,-1.0,-1,0,-3,1,0,0
